family,mesh,c,M,n_k,n_occ,n_vir,xo_op,xv_op,xo_2inf,xv_2inf,w_op_max,w_fro_max,w_l1_mean,alpha_lcu_dir,alpha_lcu_exch,alpha_lcu_exch_max,max_Q_S_Q,alpha_embed_op,alpha_embed_fro,alpha_embed_l1,alpha_embed_op_mod,alpha_embed_op_2inf,alpha_embed_l1_2inf,exch_over_dir,q_concentration,k_participation,dft_pkl
ISDFfull_bareGDF,2x2x2,5,130,8,4,22,1.741258031,4.338315058,0.4365319631,2.023916955,37.53733582,45.87407999,2347.007876,53.42088191,338.7752688,48.21726961,385.7381569,2142.061261,2617.796056,133931.5788,466.2030258,29.30089728,1832.027639,6.34163,1.13863,0.792703,DFT_2x2x2.pkl
ISDFfull_bareGDF,2x2x2,6,156,8,4,22,1.831230901,4.342999868,0.4365319631,2.023916955,29.52668877,35.64599191,2332.616692,48.7410248,309.9308608,44.47039587,355.7631669,1867.585937,2254.6366,147539.8127,405.5891606,23.04794562,1820.794167,6.35873,1.14788,0.794841,DFT_2x2x2.pkl
ISDFfull_bareGDF,2x2x2,8,208,8,4,22,2.06333546,4.717569251,0.4365319631,2.075485594,23.25534046,29.90785209,2940.350637,57.3719378,361.3946729,51.27396973,410.1917579,2203.428456,2833.749627,278596.3196,426.483106,19.08948648,2413.629842,6.29915,1.13502,0.787394,DFT_2x2x2.pkl
ISDFfull_bareGDF,2x2x2,24,624,8,4,22,3.234302245,5.531870732,0.4365319631,2.075485594,7.166638958,35.1971233,10180.34576,191.2419537,1204.660227,193.5676253,1548.541002,2294.14454,11267.10704,3258875.571,322.9357885,5.882840447,8356.685766,6.29914,1.28546,0.787393,DFT_2x2x2.pkl
ISDFfull_bareGDF,3x3x3,5,130,27,4,22,1.779278856,4.007217451,0.4362043371,2.262706586,77.41437978,81.57139656,3674.312822,83.10436472,1750.528163,88.63998215,2393.279518,3935.459926,4146.78724,186788.4352,1254.775863,75.41505968,3579.419244,21.0642,1.36718,0.780156,DFT_3x3x3.pkl
ISDFfull_bareGDF,3x3x3,6,156,27,4,22,1.847506168,4.287442962,0.4362043371,2.262706586,44.62412082,48.0879794,2923.231858,61.76597087,1299.570875,65.47195525,1767.742792,2799.872003,3017.206495,183413.6984,779.8264269,43.47164886,2847.735856,21.0402,1.36025,0.779268,DFT_3x3x3.pkl
ISDFfull_bareGDF,3x3x3,8,208,27,4,22,2.068111998,4.329743809,0.4362043371,2.262706586,43.66634879,49.32855256,4520.516069,90.66833247,1905.205119,95.14604295,2568.94316,3501.219893,3955.22214,362460.3665,956.2060108,42.53861246,4403.768267,21.0129,1.34838,0.778256,DFT_3x3x3.pkl
ISDFfull_bareGDF,3x3x3,24,624,27,4,22,3.222100047,5.441436532,0.4362043371,2.380945686,9.543850258,21.90798987,6214.442136,116.6783882,2451.222886,143.8371629,3883.603398,2933.788455,6734.536486,1910325.299,561.6951011,10.29443586,6703.183126,21.0084,1.58435,0.778088,DFT_3x3x3.pkl
ISDFfull_bareGDF,4x4x4,5,130,64,4,22,1.779732487,4.082702406,0.436479575,2.30746814,120.9094536,122.6162227,3571.009012,81.29870065,4022.669915,130.8402792,8373.777866,6383.592618,6473.704006,188536.6784,2039.112284,122.6477362,3622.348446,49.4801,2.08165,0.773127,DFT_4x4x4.pkl
ISDFfull_bareGDF,4x4x4,6,156,64,4,22,1.847955286,4.340924326,0.436479575,2.30746814,78.34810259,80.42277808,3348.929027,71.1252184,3510.582235,110.1154861,7047.391113,5041.686421,5175.191418,215502.9853,1424.566827,79.47449213,3397.075676,49.3578,2.00747,0.771215,DFT_4x4x4.pkl
ISDFfull_bareGDF,4x4x4,8,208,64,4,22,2.068521781,4.380852744,0.436479575,2.30746814,74.49639103,77.93981845,5184.358974,104.5184473,5149.335621,152.4900697,9759.364459,6117.482576,6400.249391,425728.3508,1697.175903,75.56740556,5258.893105,49.2672,1.89527,0.769801,DFT_4x4x4.pkl
ISDFfull_bareGDF,4x4x4,24,624,64,4,22,3.224806576,5.507808045,0.436479575,2.432536343,16.97920236,56.50643266,9106.391281,167.8207545,8254.220951,353.2202752,22606.09761,5356.513674,17826.36621,2872838.687,1044.824387,19.14096419,10265.80081,49.1847,2.73873,0.768512,DFT_4x4x4.pkl
ISDFfull_bareGDF,5x5x5,5,130,125,4,22,1.767179451,4.03851754,0.4380149361,2.322429296,193.8967858,194.9733034,4178.978901,96.94060964,9316.038134,228.0223246,28502.79057,9875.881327,9930.712353,212850.8707,3266.005549,200.6473612,4324.471317,96.1005,3.05954,0.768804,DFT_5x5x5.pkl
ISDFfull_bareGDF,5x5x5,6,156,125,4,22,1.851644406,4.044511868,0.4380149361,2.322429296,141.8525744,143.4453002,4190.452965,84.89461827,8172.20357,188.0229173,23502.86466,7955.814067,8045.142233,235021.9218,2623.236213,146.7912147,4336.344854,96.2629,2.87595,0.770103,DFT_5x5x5.pkl
ISDFfull_bareGDF,5x5x5,8,208,125,4,22,2.067996888,4.120657857,0.4380149361,2.322429296,117.0212848,118.820148,5752.510653,110.6237671,10563.9823,219.584801,27448.10012,8497.628409,8628.254827,417724.844,2699.290501,121.0954163,5952.786054,95.4947,2.59827,0.763958,DFT_5x5x5.pkl
ISDFfull_bareGDF,5x5x5,24,624,125,4,22,3.212413433,5.594045451,0.4380149361,2.443362248,24.31591047,34.08164192,4432.736461,84.86738917,8144.817541,229.293843,28661.73037,7852.453683,11006.14822,1431484.862,1498.0597,27.8512117,5077.214021,95.9711,3.51901,0.767769,DFT_5x5x5.pkl
ISDFfull_bareGDF,6x6x6,5,130,216,4,22,1.779938641,4.082701175,0.4366075139,2.31568129,293.2458404,294.1089995,4494.699295,101.9392025,16897.42624,301.5535941,65135.57632,15485.92355,15531.50583,237359.103,4981.951513,299.7587333,4594.525077,165.76,3.85476,0.767407,DFT_6x6x6.pkl
ISDFfull_bareGDF,6x6x6,6,156,216,4,22,1.848159633,4.360307709,0.4366075139,2.31568129,168.7996776,169.594421,3601.168121,76.56718252,12638.1117,229.6835052,49611.63713,10961.87514,11013.48589,233860.3713,3091.776889,172.5486625,3681.148871,165.059,3.92556,0.764163,DFT_6x6x6.pkl
ISDFfull_bareGDF,6x6x6,8,208,216,4,22,2.068707634,4.402690691,0.4366075139,2.31568129,179.3083275,181.3301371,6718.785059,134.8466325,22197.0089,349.4559886,75482.49354,14874.2489,15041.96503,557346.57,4114.871401,183.290706,6868.007048,164.609,3.40057,0.76208,DFT_6x6x6.pkl
ISDFfull_bareGDF,6x6x6,24,624,216,4,22,3.225620918,5.527786605,0.4366075139,2.432611088,37.54258059,110.662155,8817.521534,164.2280725,27042.84799,687.1802902,148430.9427,11935.84894,35182.63115,2803339.659,2311.511931,42.34985199,9946.592002,164.666,5.48873,0.762345,DFT_6x6x6.pkl
ISDFfull_screenGDF,2x2x2,5,130,8,4,22,1.741258031,4.338315058,0.4365319631,2.023916955,17.97389843,26.80227664,1438.991141,33.72691766,213.6102665,29.08808529,232.7046823,1025.677255,1529.467056,82115.76848,223.2307022,14.0300674,1123.247846,6.33352,1.08939,0.791691,DFT_2x2x2.pkl
ISDFfull_screenGDF,2x2x2,6,156,8,4,22,1.831230901,4.342999868,0.4365319631,2.023916955,15.41161906,22.06828655,1443.668764,29.83051348,189.5612708,26.16722701,209.3378161,974.7968437,1395.836219,91313.16762,211.6995132,12.03000312,1126.899106,6.35461,1.10433,0.794326,DFT_2x2x2.pkl
ISDFfull_screenGDF,2x2x2,8,208,8,4,22,2.06333546,4.717569251,0.4365319631,2.075485594,15.53134819,20.65848746,2047.34316,38.72057464,243.6617122,33.39144216,267.1315373,1471.585188,1957.378315,193984.4392,284.8316767,12.74913441,1680.591588,6.29282,1.09632,0.786603,DFT_2x2x2.pkl
ISDFfull_screenGDF,2x2x2,24,624,8,4,22,3.234302245,5.531870732,0.4365319631,2.075485594,3.485106359,18.04555687,4813.134871,90.92769082,574.7709098,98.6601703,789.2813624,1115.632833,5776.643139,1540753.922,157.0423146,2.860800546,3950.932181,6.32119,1.37321,0.790148,DFT_2x2x2.pkl
ISDFfull_screenGDF,3x3x3,5,130,27,4,22,1.779278856,4.007217451,0.4362043371,2.262706586,29.70198689,36.27053695,1909.393566,44.75791266,939.2501532,40.19722536,1085.325085,1509.938844,1843.859566,97066.48665,481.4265302,28.93489711,1860.081165,20.9851,1.15552,0.777227,DFT_3x3x3.pkl
ISDFfull_screenGDF,3x3x3,6,156,27,4,22,1.847506168,4.287442962,0.4362043371,2.262706586,17.72208952,22.79685026,1469.497158,31.28547706,655.9670259,27.84901906,751.9235145,1111.94532,1430.353397,92201.34482,309.7014237,17.2643951,1431.545615,20.9671,1.14628,0.776561,DFT_3x3x3.pkl
ISDFfull_screenGDF,3x3x3,8,208,27,4,22,2.068111998,4.329743809,0.4362043371,2.262706586,20.85121722,27.82682655,2760.259959,54.8097829,1147.100818,49.18673189,1328.041761,1671.87545,2231.18812,221320.9335,456.6001002,20.31270929,2688.972903,20.9288,1.15774,0.775139,DFT_3x3x3.pkl
ISDFfull_screenGDF,3x3x3,24,624,27,4,22,3.222100047,5.441436532,0.4362043371,2.380945686,4.351059468,24.30280974,6482.533005,116.9376087,2452.884048,144.7350312,3907.845843,1337.519732,7470.706343,1992736.682,256.0778639,4.693252873,6992.358269,20.976,1.59316,0.776889,DFT_3x3x3.pkl
ISDFfull_screenGDF,4x4x4,5,130,64,4,22,1.779732487,4.082702406,0.436479575,2.30746814,37.4224078,40.98590996,1660.974539,39.31405972,1935.947664,43.74884143,2799.925852,1975.771117,2163.91146,87693.59624,631.1209684,37.96041966,1684.853922,49.2431,1.44628,0.769424,DFT_4x4x4.pkl
ISDFfull_screenGDF,4x4x4,6,156,64,4,22,1.847955286,4.340924326,0.436479575,2.30746814,24.70363421,28.60609244,1584.536968,34.06748159,1674.591292,35.84686617,2294.199435,1589.674453,1840.796944,101964.6711,449.1746019,25.0587917,1607.317428,49.1551,1.37001,0.768049,DFT_4x4x4.pkl
ISDFfull_screenGDF,4x4x4,8,208,64,4,22,2.068521781,4.380852744,0.436479575,2.30746814,26.73960981,33.12993919,3002.518994,60.0102565,2943.214208,60.44474274,3868.463536,2195.798949,2720.558982,246560.3686,609.181476,27.12403797,3045.6854,49.0452,1.31437,0.766331,DFT_4x4x4.pkl
ISDFfull_screenGDF,4x4x4,24,624,64,4,22,3.224806576,5.507808045,0.436479575,2.432536343,4.971238869,15.85174309,3258.742644,60.44916705,2970.838908,96.92610607,6203.270789,1568.301527,5000.828473,1028051.799,305.9078686,5.604168156,3673.639959,49.1461,2.08805,0.767907,DFT_4x4x4.pkl
ISDFfull_screenGDF,5x5x5,5,130,125,4,22,1.767179451,4.03851754,0.4380149361,2.322429296,52.15125197,54.70358775,1864.040906,45.02257391,4304.593366,64.37451578,8046.814472,2656.256386,2786.256299,94942.50611,878.4378636,53.9669136,1928.938054,95.6097,1.86936,0.764877,DFT_5x5x5.pkl
ISDFfull_screenGDF,5x5x5,6,156,125,4,22,1.851644406,4.044511868,0.4380149361,2.322429296,39.4355316,43.19950029,2005.568792,40.31725555,3862.594146,52.8551473,6606.893412,2211.745246,2422.847761,112482.5015,729.2692081,40.80849157,2075.393277,95.805,1.71048,0.76644,DFT_5x5x5.pkl
ISDFfull_screenGDF,5x5x5,8,208,125,4,22,2.067996888,4.120657857,0.4380149361,2.322429296,35.28017799,39.28540678,3146.364918,59.31561744,5644.306812,67.3541944,8419.274299,2561.908658,2852.752721,228476.725,813.7959642,36.50846807,3255.906566,95.1572,1.49164,0.761257,DFT_5x5x5.pkl
ISDFfull_screenGDF,5x5x5,24,624,125,4,22,3.212413433,5.594045451,0.4380149361,2.443362248,6.447898811,21.74142565,3337.587164,61.55970228,5884.559326,133.5327475,16691.59343,2082.250913,7021.062943,1077823.043,397.2434991,7.385361738,3822.840472,95.5911,2.83651,0.764729,DFT_5x5x5.pkl
ISDFfull_screenGDF,6x6x6,5,130,216,4,22,1.779938641,4.082701175,0.4366075139,2.31568129,71.13009252,73.56802208,2033.193804,48.18132979,7936.060328,76.29902361,16480.5891,3756.285761,3885.029584,107370.2657,1208.42864,72.7098683,2078.350364,164.712,2.07667,0.762557,DFT_6x6x6.pkl
ISDFfull_screenGDF,6x6x6,6,156,216,4,22,1.848159633,4.360307709,0.4366075139,2.31568129,40.9279107,43.09601768,1565.527519,33.8188607,5553.141592,55.05888593,11892.71936,2657.864357,2798.661534,101665.5803,749.6457944,41.83690603,1600.297366,164.203,2.14162,0.760197,DFT_6x6x6.pkl
ISDFfull_screenGDF,6x6x6,8,208,216,4,22,2.068707634,4.402690691,0.4366075139,2.31568129,47.73161859,53.3262008,3803.292483,75.68218414,12389.25738,98.90012174,21362.4263,3959.503641,4423.593678,315496.3288,1095.372842,48.79172202,3887.762348,163.701,1.72427,0.757875,DFT_6x6x6.pkl
ISDFfull_screenGDF,6x6x6,24,624,216,4,22,3.225620918,5.527786605,0.4366075139,2.432611088,8.728765162,18.39572278,2420.340089,45.76884377,7523.951833,118.2761961,25547.65835,2775.121496,5848.520926,769494.6174,537.4336153,9.84647051,2730.261024,164.39,3.39551,0.761066,DFT_6x6x6.pkl
ISDFov_bareGDF_symm,2x2x2,5,136,8,4,22,1.994858327,5.345946613,0.4316107233,1.539892653,79.20764536,113.2666495,7341.660474,341.16441,2080.449178,271.567209,2172.537672,9008.250486,12881.76596,834963.7997,747.4327317,34.98907399,3243.094784,6.09808,1.04426,0.76226,DFT_2x2x2_symm.pkl
ISDFov_bareGDF_symm,2x2x2,6,184,8,4,22,2.004449581,5.355085359,0.4316107233,1.539892653,74.09585092,103.7917154,10726.53779,329.3309038,2063.18986,279.3637816,2234.910253,8537.229551,11958.74922,1235898.02,705.9355565,32.7309971,4738.325736,6.26479,1.08323,0.783099,DFT_2x2x2_symm.pkl
ISDFov_bareGDF_symm,2x2x2,8,208,8,4,22,2.014461346,5.357193191,0.4316107233,1.539892653,50.64438274,65.64112296,7600.908756,242.0783573,1516.121947,200.1991683,1601.593347,5898.258136,7644.841671,885233.85,487.3377487,22.37157849,3357.614756,6.26294,1.05638,0.782867,DFT_2x2x2_symm.pkl
ISDFov_bareGDF_symm,2x2x2,10,280,8,4,22,2.312248557,5.378128982,0.4316107233,1.539892653,32.86800713,48.90068052,8483.188892,229.5798978,1467.746668,199.4626938,1595.70155,5082.821214,7562.168748,1311869.39,416.699808,14.5190673,3747.351944,6.39318,1.08718,0.799148,DFT_2x2x2_symm.pkl
ISDFov_bareGDF_symm,2x2x2,16,424,8,4,22,2.586890942,5.963158006,0.4316107233,2.075485603,80.20939478,115.6504741,22146.57411,460.284744,2878.104122,402.5770927,3220.616742,19086.84354,27520.49821,5270058.404,2312.176218,64.36490636,17771.76069,6.25288,1.11901,0.78161,DFT_2x2x2_symm.pkl
ISDFov_bareGDF_symm,2x2x2,20,520,8,4,22,2.863339739,6.060626792,0.4316107233,2.075485603,42.88990639,62.73015797,13387.27774,275.8390043,1687.234135,238.7417037,1909.933629,12916.23513,18891.09905,4031559.906,1514.747729,34.41747462,10742.76748,6.11674,1.13199,0.764592,DFT_2x2x2_symm.pkl
ISDFov_bareGDF_symm,3x3x3,5,136,27,4,22,1.997247485,5.233219094,0.4324168248,1.644851462,127.2639357,143.8818501,7870.153841,359.2617799,7181.697706,295.400479,7975.812932,13902.94967,15718.37386,859775.0187,1373.480463,64.38191454,3981.454518,19.9902,1.11057,0.740376,DFT_3x3x3_symm.pkl
ISDFov_bareGDF_symm,3x3x3,6,184,27,4,22,2.006831702,5.244461446,0.4324168248,1.644851462,68.86479792,86.25104331,9320.171683,280.3018798,5743.830602,245.5351607,6629.44934,7628.180793,9554.062044,1032399.089,750.3649742,34.83820855,4715.00817,20.4916,1.15419,0.758948,DFT_3x3x3_symm.pkl
ISDFov_bareGDF_symm,3x3x3,8,208,27,4,22,2.016677626,5.250100928,0.4324168248,1.644851462,43.51154417,55.26907456,6527.936609,213.504817,4387.814058,188.9952738,5102.872392,4877.67389,6195.701096,731786.163,478.7742963,22.01217888,3302.436424,20.5514,1.16296,0.761161,DFT_3x3x3_symm.pkl
ISDFov_bareGDF_symm,3x3x3,10,282,27,4,22,2.148826081,5.273508527,0.4324168248,1.644851462,59.64283493,65.69785774,9608.752148,255.927074,5323.676733,255.894561,6909.153148,7658.789202,8436.320038,1233868.365,745.0993447,30.17288346,4860.998963,20.8015,1.29782,0.770427,DFT_3x3x3_symm.pkl
ISDFov_bareGDF_symm,3x3x3,16,422,27,4,22,2.395286507,5.303302589,0.4324168248,1.644851462,471.4531669,558.6781818,102666.7446,2091.714386,43143.60124,1703.341307,45990.21529,76075.76148,90150.77443,16566758.53,7318.24364,238.504784,51938.37154,20.626,1.06598,0.763924,DFT_3x3x3_symm.pkl
ISDFov_bareGDF_symm,3x3x3,20,544,27,4,22,3.005407355,5.996771969,0.4324168248,2.380945686,131.8609817,157.5008167,35125.75283,712.1823049,14646.49757,632.3669543,17073.90777,42830.9852,51159.29719,11409520.7,6751.837345,139.7720865,37233.15041,20.5657,1.16573,0.761691,DFT_3x3x3_symm.pkl
ISDFov_bareGDF_symm,4x4x4,5,136,64,4,22,1.997832952,5.345944681,0.4326098018,1.691459218,227.1923516,239.0901702,9349.562648,415.3588007,19553.55085,408.9854589,26175.06937,25915.58231,27272.75344,1066494.355,2594.389113,121.6492623,5006.187008,47.0763,1.33864,0.735567,DFT_4x4x4_symm.pkl
ISDFov_bareGDF_symm,4x4x4,6,184,64,4,22,2.007412917,5.355082465,0.4326098018,1.691459218,120.5625823,131.7766511,10697.34286,330.8530579,15847.12545,386.1788595,24715.44701,13932.15496,15228.04745,1236179.879,1389.98154,64.55476645,5727.850686,47.8978,1.55962,0.748403,DFT_4x4x4_symm.pkl
ISDFov_bareGDF_symm,4x4x4,8,208,64,4,22,2.017218301,5.357190113,0.4326098018,1.691459218,73.79610789,82.00937733,7444.399009,245.0135215,11799.17829,286.3253565,18324.82282,8618.136603,9577.307486,869379.828,859.136794,39.51383936,3986.074536,48.1573,1.55306,0.752457,DFT_4x4x4_symm.pkl
ISDFov_bareGDF_symm,4x4x4,10,282,64,4,22,2.149313467,5.37185484,0.4326098018,1.691459218,117.0947498,120.2330391,11497.27897,305.7930964,14897.16861,462.3746818,29591.97963,15609.37377,16027.72497,1532650.482,1547.604576,62.69792901,6156.173371,48.7165,1.98642,0.761195,DFT_4x4x4_symm.pkl
ISDFov_bareGDF_symm,4x4x4,16,446,64,4,22,2.665058532,5.394783787,0.4326098018,1.691459218,296.9738217,300.9604219,26460.52885,691.9856326,33062.47677,898.5038865,57504.24874,61387.47336,62211.54369,5469657.227,6034.686782,159.0134794,14168.18741,47.7791,1.73926,0.746549,DFT_4x4x4_symm.pkl
ISDFov_bareGDF_symm,4x4x4,20,520,64,4,22,2.813739759,5.976335091,0.4326098018,2.432536343,205.9184614,210.2269501,29407.30662,772.0293007,37236.99124,1120.446645,71708.58528,58228.15373,59446.47744,8315588.407,9646.767564,228.0377094,32566.16621,48.2326,1.92574,0.753635,DFT_4x4x4_symm.pkl
ISDFov_bareGDF_symm,5x5x5,5,136,125,4,22,1.998035604,5.299392947,0.432678024,1.692176068,281.1295379,290.5523105,9429.23501,419.6184428,38369.83542,455.8297333,56978.71666,31518.47319,32574.8951,1057146.442,3213.690298,150.7048577,5054.721503,91.4398,1.48499,0.731519,DFT_5x5x5_symm.pkl
ISDFov_bareGDF_symm,5x5x5,6,184,125,4,22,2.007614692,5.307878051,0.432678024,1.692176068,172.1537488,179.8573902,11032.89514,338.8946173,31748.57187,515.4937589,64436.71986,19548.75427,20423.5339,1252829.854,1986.864782,92.28630475,5914.394142,93.6827,2.02959,0.749462,DFT_5x5x5_symm.pkl
ISDFov_bareGDF_symm,5x5x5,8,208,125,4,22,2.017406105,5.310169187,0.432678024,1.692176068,104.5934702,110.2929485,7604.766867,249.8323349,23484.67577,392.2657383,49033.21728,12003.50149,12657.59295,872748.8456,1218.940006,56.0693272,4076.680512,94.0017,2.08788,0.752014,DFT_5x5x5_symm.pkl
ISDFov_bareGDF_symm,5x5x5,10,282,125,4,22,2.149484421,5.331082975,0.432678024,1.692176068,249.8439888,251.9318369,16753.00776,428.0248458,40779.11607,977.54839,122193.5488,32807.14156,33081.29796,2199845.991,3305.434879,133.9336416,8980.76975,95.2728,2.99647,0.762182,DFT_5x5x5_symm.pkl
ISDFov_bareGDF_symm,5x5x5,16,446,125,4,22,2.665170613,5.357979814,0.432678024,1.692176068,465.9350544,468.0543989,27008.37092,694.4243345,64405.2668,1268.783024,158597.878,95011.80392,95443.97303,5507450.058,9476.904731,249.7733841,14478.35303,92.7463,2.4625,0.74197,DFT_5x5x5_symm.pkl
ISDFov_bareGDF_symm,5x5x5,20,520,125,4,22,2.813863896,5.937907727,0.432678024,2.443362246,321.019337,323.4900892,30863.12513,816.3123951,76670.77391,1697.253848,212156.731,89619.85915,90309.62589,8616144.288,15174.45444,358.7869077,34494.13774,93.9233,2.76711,0.751387,DFT_5x5x5_symm.pkl
ISDFov_bareGDF_symm,6x6x6,5,136,216,4,22,1.998098198,5.345944598,0.4326988588,1.702617751,271.4704055,279.6461488,8537.738128,387.4994475,60753.1995,431.4951606,93202.95468,30974.55355,31907.39925,974149.0102,3141.886279,147.3425918,4633.921188,156.783,1.53412,0.725846,DFT_6x6x6_symm.pkl
ISDFov_bareGDF_symm,6x6x6,6,184,216,4,22,2.007676899,5.355082291,0.4326988588,1.702617751,210.3863067,216.147119,10626.05116,328.7031905,52620.41298,605.4494763,130777.0869,24318.53515,24984.42695,1228264.342,2458.325732,114.1887406,5767.368694,160.085,2.48529,0.741134,DFT_6x6x6_symm.pkl
ISDFov_bareGDF_symm,6x6x6,8,208,216,4,22,2.017463991,5.357189927,0.4326988588,1.702617751,135.6378604,139.7004242,7459.598058,246.5457349,39754.52691,505.2953781,109143.8017,15844.0645,16318.61874,871366.9793,1600.393681,73.61846263,4048.752606,161.246,2.74544,0.74651,DFT_6x6x6_symm.pkl
ISDFov_bareGDF_symm,6x6x6,10,282,216,4,22,2.149536774,5.371854524,0.4326988588,1.702617751,322.5889785,324.02994,16072.97309,415.8288748,68077.94416,1236.733523,267134.441,43011.8151,43203.94308,2143060.653,4320.893856,175.0875794,8723.726291,163.716,3.92395,0.757946,DFT_6x6x6_symm.pkl
ISDFov_bareGDF_symm,6x6x6,16,446,216,4,22,2.665205994,5.394783879,0.4326988588,1.702617751,777.3581599,779.1552544,32279.12325,812.7444686,129367.4616,1935.082235,417977.7627,160705.5319,161077.0505,6673157.804,16007.26144,421.916952,17519.73543,159.174,3.23093,0.736915,DFT_6x6x6_symm.pkl
ISDFov_bareGDF_symm,6x6x6,20,520,216,4,22,2.813902971,5.976335499,0.4326988588,2.432611088,489.1464247,491.6017906,35321.49338,917.3304301,147893.318,2449.284955,529045.5503,138333.4026,139027.7941,9989120.059,22919.35986,541.9456655,39134.15139,161.221,3.57721,0.746395,DFT_6x6x6_symm.pkl
ISDFov_opt_bareGDF,2x2x2,5,130,8,4,22,9.070525794,11.18712423,3.34733224,7.069988944,0.001489594954,0.007616373074,0.4932113383,29.60389989,183.0969411,25.41243794,203.2995035,15.33804612,78.42419251,5078.493472,6.125909649,0.8342636146,276.2282946,6.18489,1.11034,0.773112,DFT_2x2x2.pkl
ISDFov_opt_bareGDF,3x3x3,5,130,27,4,22,17.24132596,19.15383216,6.76386384,11.16348953,0.0002323719136,0.0009249586139,0.06019176442,33.10812436,680.2871825,29.65176395,800.5976267,25.34173323,100.8730103,6564.320158,8.608448751,1.32487006,343.183758,20.5474,1.17685,0.761016,DFT_3x3x3.pkl
ISDFov_opt_bareGDF,4x4x4,5,130,64,4,22,29.74444698,32.53968413,10.79058392,16.57433606,4.004867729e-05,0.0001264800602,0.008379560538,32.27842867,1482.771871,27.5957654,1766.128986,37.51687361,118.4842235,7849.82014,9.733572214,1.281003602,268.0300065,45.9369,1.1911,0.717765,DFT_4x4x4.pkl
ISDFov_opt_bareGDF,5x5x5,5,130,125,4,22,45.68308265,48.97432259,16.42729499,22.68870793,9.752869494e-06,2.53592481e-05,0.001688009804,31.85327432,2748.819338,24.9308546,3116.356826,48.81801223,126.9357787,8449.337222,10.47762247,1.354827658,234.4912305,86.2963,1.13371,0.69037,DFT_5x5x5.pkl
ISDFov_opt_bareGDF,6x6x6,5,130,216,4,22,57.41129875,58.28702393,20.04141126,25.61289156,4.841472611e-06,1.31459371e-05,0.0008615736536,32.21294292,4613.730199,23.12142767,4994.228377,54.21456593,147.2075402,9647.858286,10.4686202,1.275708065,227.0211043,143.226,1.08247,0.663083,DFT_6x6x6.pkl
