file,shape,W_max,W_2norm,W_frob,W_frob_over_2norm,status,path
ISDF_diamond_1x1x1_gth-dzvp_c5.chk,"(1, 130, 130)",5.6,20.2,37.3,1.8,ok,/resnick/groups/changroup/members/jsun3/xprize/fit_THC/data_GDF/ISDF_diamond_1x1x1_gth-dzvp_c5.chk
ISDF_diamond_1x1x1_gth-dzvp_c12_ref.chk,"(1, 130, 130)",7.7,27.4,51.0,1.9,ok,/resnick/groups/changroup/members/jsun3/xprize/fit_THC/data_GDF/ISDF_diamond_1x1x1_gth-dzvp_c12_ref.chk
ISDF_diamond_2x2x2_gth-dzvp_c5.chk,"(8, 130, 130)",13.9,71.4,106.6,1.5,ok,/resnick/groups/changroup/members/jsun3/xprize/fit_THC/data_GDF/ISDF_diamond_2x2x2_gth-dzvp_c5.chk
ISDF_diamond_2x2x2_gth-dzvp_c10.chk,"(8, 260, 260)",2.0,16.0,29.7,1.9,ok,/resnick/groups/changroup/members/jsun3/xprize/fit_THC/data_GDF/ISDF_diamond_2x2x2_gth-dzvp_c10.chk
ISDF_diamond_2x2x2_gth-dzvp_c12_ref.chk,"(8, 312, 312)",2.1,20.7,45.2,2.2,ok,/resnick/groups/changroup/members/jsun3/xprize/fit_THC/data_GDF/ISDF_diamond_2x2x2_gth-dzvp_c12_ref.chk
ISDF_diamond_2x2x2_gth-dzvp_c20_ref.chk,"(8, 520, 520)",13.9,102.6,175.7,1.7,ok,/resnick/groups/changroup/members/jsun3/xprize/fit_THC/data_GDF/ISDF_diamond_2x2x2_gth-dzvp_c20_ref.chk
ISDF_diamond_3x3x3_gth-dzvp_c5.chk,"(27, 130, 130)",27.5,172.7,204.3,1.2,ok,/resnick/groups/changroup/members/jsun3/xprize/fit_THC/data_GDF/ISDF_diamond_3x3x3_gth-dzvp_c5.chk
ISDF_diamond_3x3x3_gth-dzvp_c10.chk,"(27, 260, 260)",2.9,31.6,43.2,1.4,ok,/resnick/groups/changroup/members/jsun3/xprize/fit_THC/data_GDF/ISDF_diamond_3x3x3_gth-dzvp_c10.chk
ISDF_diamond_3x3x3_gth-dzvp_c12_ref.chk,"(27, 312, 312)",4.1,50.7,77.2,1.5,ok,/resnick/groups/changroup/members/jsun3/xprize/fit_THC/data_GDF/ISDF_diamond_3x3x3_gth-dzvp_c12_ref.chk
ISDF_diamond_3x3x3_gth-dzvp_c20_ref.chk,"(27, 520, 520)",7.3,88.0,141.7,1.6,ok,/resnick/groups/changroup/members/jsun3/xprize/fit_THC/data_GDF/ISDF_diamond_3x3x3_gth-dzvp_c20_ref.chk
ISDF_diamond_4x4x4_gth-dzvp_c5.chk,"(64, 130, 130)",21.8,255.5,297.5,1.2,ok,/resnick/groups/changroup/members/jsun3/xprize/fit_THC/data_GDF/ISDF_diamond_4x4x4_gth-dzvp_c5.chk
ISDF_diamond_4x4x4_gth-dzvp_c10.chk,"(64, 260, 260)",2.9,59.9,74.4,1.2,ok,/resnick/groups/changroup/members/jsun3/xprize/fit_THC/data_GDF/ISDF_diamond_4x4x4_gth-dzvp_c10.chk
ISDF_diamond_4x4x4_gth-dzvp_c12_ref.chk,"(64, 312, 312)",3.1,64.6,84.3,1.3,ok,/resnick/groups/changroup/members/jsun3/xprize/fit_THC/data_GDF/ISDF_diamond_4x4x4_gth-dzvp_c12_ref.chk
ISDF_diamond_4x4x4_gth-dzvp_c20_ref.chk,"(64, 520, 520)",11.1,168.9,247.3,1.5,ok,/resnick/groups/changroup/members/jsun3/xprize/fit_THC/data_GDF/ISDF_diamond_4x4x4_gth-dzvp_c20_ref.chk
ISDF_diamond_5x5x5_gth-dzvp_c5.chk,"(125, 130, 130)",52.4,415.9,470.2,1.1,ok,/resnick/groups/changroup/members/jsun3/xprize/fit_THC/data_GDF/ISDF_diamond_5x5x5_gth-dzvp_c5.chk
ISDF_diamond_5x5x5_gth-dzvp_c10.chk,"(125, 260, 260)",5.6,92.1,107.3,1.2,ok,/resnick/groups/changroup/members/jsun3/xprize/fit_THC/data_GDF/ISDF_diamond_5x5x5_gth-dzvp_c10.chk
ISDF_diamond_5x5x5_gth-dzvp_c12_ref.chk,"(125, 312, 312)",4.4,101.7,123.8,1.2,ok,/resnick/groups/changroup/members/jsun3/xprize/fit_THC/data_GDF/ISDF_diamond_5x5x5_gth-dzvp_c12_ref.chk
ISDF_diamond_5x5x5_gth-dzvp_c20_ref.chk,"(125, 520, 520)",13.8,255.6,358.7,1.4,ok,/resnick/groups/changroup/members/jsun3/xprize/fit_THC/data_GDF/ISDF_diamond_5x5x5_gth-dzvp_c20_ref.chk
ISDF_diamond_6x6x6_gth-dzvp_c5.chk,"(216, 130, 130)",69.1,740.1,856.4,1.2,ok,/resnick/groups/changroup/members/jsun3/xprize/fit_THC/data_GDF/ISDF_diamond_6x6x6_gth-dzvp_c5.chk
ISDF_diamond_6x6x6_gth-dzvp_c12_ref.chk,"(216, 312, 312)",10.3,234.3,297.9,1.3,ok,/resnick/groups/changroup/members/jsun3/xprize/fit_THC/data_GDF/ISDF_diamond_6x6x6_gth-dzvp_c12_ref.chk
ISDF_diamond_6x6x6_gth-dzvp_c20_ref.chk,"(216, 520, 520)",20.3,382.2,530.6,1.4,ok,/resnick/groups/changroup/members/jsun3/xprize/fit_THC/data_GDF/ISDF_diamond_6x6x6_gth-dzvp_c20_ref.chk
ISDFfull_bareGDF_diamond_2x2x2_gth-dzvp_c5.chk,"(8, 130, 130)",4.4,24.3,31.8,1.3,ok,/resnick/groups/changroup/members/jsun3/xprize/fit_THC/data_GDF/ISDFfull_bareGDF_diamond_2x2x2_gth-dzvp_c5.chk
ISDFfull_bareGDF_diamond_2x2x2_gth-dzvp_c6.chk,"(8, 156, 156)",4.5,21.1,28.7,1.4,ok,/resnick/groups/changroup/members/jsun3/xprize/fit_THC/data_GDF/ISDFfull_bareGDF_diamond_2x2x2_gth-dzvp_c6.chk
ISDFfull_bareGDF_diamond_2x2x2_gth-dzvp_c8.chk,"(8, 208, 208)",3.4,16.1,23.7,1.5,ok,/resnick/groups/changroup/members/jsun3/xprize/fit_THC/data_GDF/ISDFfull_bareGDF_diamond_2x2x2_gth-dzvp_c8.chk
ISDFfull_bareGDF_diamond_2x2x2_gth-dzvp_c10.chk,"(8, 260, 260)",2.6,13.9,21.6,1.6,ok,/resnick/groups/changroup/members/jsun3/xprize/fit_THC/data_GDF/ISDFfull_bareGDF_diamond_2x2x2_gth-dzvp_c10.chk
ISDFfull_bareGDF_diamond_2x2x2_gth-dzvp_c12.chk,"(8, 312, 312)",2.2,11.1,17.7,1.6,ok,/resnick/groups/changroup/members/jsun3/xprize/fit_THC/data_GDF/ISDFfull_bareGDF_diamond_2x2x2_gth-dzvp_c12.chk
ISDFfull_bareGDF_diamond_2x2x2_gth-dzvp_c15.chk,"(8, 390, 390)",1.3,9.5,15.2,1.6,ok,/resnick/groups/changroup/members/jsun3/xprize/fit_THC/data_GDF/ISDFfull_bareGDF_diamond_2x2x2_gth-dzvp_c15.chk
ISDFfull_bareGDF_diamond_2x2x2_gth-dzvp_c20.chk,"(8, 520, 520)",84.8,442.7,1780.4,4.0,ok,/resnick/groups/changroup/members/jsun3/xprize/fit_THC/data_GDF/ISDFfull_bareGDF_diamond_2x2x2_gth-dzvp_c20.chk
ISDFfull_bareGDF_diamond_2x2x2_gth-szv_c5.chk,"(8, 40, 40)",14.4,67.0,79.1,1.2,ok,/resnick/groups/changroup/members/jsun3/xprize/fit_THC/data_GDF/ISDFfull_bareGDF_diamond_2x2x2_gth-szv_c5.chk
ISDFfull_bareGDF_diamond_2x2x2_gth-szv_c6.chk,"(8, 48, 48)",23.1,109.9,135.6,1.2,ok,/resnick/groups/changroup/members/jsun3/xprize/fit_THC/data_GDF/ISDFfull_bareGDF_diamond_2x2x2_gth-szv_c6.chk
ISDFfull_bareGDF_diamond_2x2x2_gth-szv_c8.chk,"(8, 64, 64)",45.0,157.4,187.0,1.2,ok,/resnick/groups/changroup/members/jsun3/xprize/fit_THC/data_GDF/ISDFfull_bareGDF_diamond_2x2x2_gth-szv_c8.chk
ISDFfull_bareGDF_diamond_2x2x2_gth-szv_c10.chk,"(8, 80, 80)",19.4,67.3,101.8,1.5,ok,/resnick/groups/changroup/members/jsun3/xprize/fit_THC/data_GDF/ISDFfull_bareGDF_diamond_2x2x2_gth-szv_c10.chk
ISDFfull_bareGDF_diamond_2x2x2_gth-szv_c12.chk,"(8, 96, 96)",15.2,71.7,90.9,1.3,ok,/resnick/groups/changroup/members/jsun3/xprize/fit_THC/data_GDF/ISDFfull_bareGDF_diamond_2x2x2_gth-szv_c12.chk
ISDFfull_bareGDF_diamond_2x2x2_gth-szv_c15.chk,"(8, 120, 120)",9.7,39.5,54.5,1.4,ok,/resnick/groups/changroup/members/jsun3/xprize/fit_THC/data_GDF/ISDFfull_bareGDF_diamond_2x2x2_gth-szv_c15.chk
ISDFfull_bareGDF_diamond_2x2x2_gth-szv_c20.chk,"(8, 160, 160)",9.5,38.1,55.1,1.4,ok,/resnick/groups/changroup/members/jsun3/xprize/fit_THC/data_GDF/ISDFfull_bareGDF_diamond_2x2x2_gth-szv_c20.chk
ISDFfull_bareGDF_diamond_3x3x3_gth-dzvp_c5.chk,"(27, 130, 130)",6.0,44.6,47.7,1.1,ok,/resnick/groups/changroup/members/jsun3/xprize/fit_THC/data_GDF/ISDFfull_bareGDF_diamond_3x3x3_gth-dzvp_c5.chk
ISDFfull_bareGDF_diamond_3x3x3_gth-dzvp_c6.chk,"(27, 156, 156)",5.5,40.0,44.5,1.1,ok,/resnick/groups/changroup/members/jsun3/xprize/fit_THC/data_GDF/ISDFfull_bareGDF_diamond_3x3x3_gth-dzvp_c6.chk
ISDFfull_bareGDF_diamond_3x3x3_gth-dzvp_c8.chk,"(27, 208, 208)",4.1,28.3,31.8,1.1,ok,/resnick/groups/changroup/members/jsun3/xprize/fit_THC/data_GDF/ISDFfull_bareGDF_diamond_3x3x3_gth-dzvp_c8.chk
ISDFfull_bareGDF_diamond_3x3x3_gth-dzvp_c10.chk,"(27, 260, 260)",3.2,22.4,25.8,1.2,ok,/resnick/groups/changroup/members/jsun3/xprize/fit_THC/data_GDF/ISDFfull_bareGDF_diamond_3x3x3_gth-dzvp_c10.chk
ISDFfull_bareGDF_diamond_3x3x3_gth-dzvp_c12.chk,"(27, 312, 312)",2.4,21.7,25.9,1.2,ok,/resnick/groups/changroup/members/jsun3/xprize/fit_THC/data_GDF/ISDFfull_bareGDF_diamond_3x3x3_gth-dzvp_c12.chk
ISDFfull_bareGDF_diamond_3x3x3_gth-dzvp_c15.chk,"(27, 390, 390)",1.4,16.7,20.0,1.2,ok,/resnick/groups/changroup/members/jsun3/xprize/fit_THC/data_GDF/ISDFfull_bareGDF_diamond_3x3x3_gth-dzvp_c15.chk
ISDFfull_bareGDF_diamond_3x3x3_gth-dzvp_c20.chk,"(27, 520, 520)",27.3,265.3,1212.6,4.6,ok,/resnick/groups/changroup/members/jsun3/xprize/fit_THC/data_GDF/ISDFfull_bareGDF_diamond_3x3x3_gth-dzvp_c20.chk
ISDFfull_bareGDF_diamond_3x3x3_gth-szv_c5.chk,"(27, 40, 40)",18.8,133.8,136.5,1.0,ok,/resnick/groups/changroup/members/jsun3/xprize/fit_THC/data_GDF/ISDFfull_bareGDF_diamond_3x3x3_gth-szv_c5.chk
ISDFfull_bareGDF_diamond_3x3x3_gth-szv_c6.chk,"(27, 48, 48)",40.7,234.7,240.2,1.0,ok,/resnick/groups/changroup/members/jsun3/xprize/fit_THC/data_GDF/ISDFfull_bareGDF_diamond_3x3x3_gth-szv_c6.chk
ISDFfull_bareGDF_diamond_3x3x3_gth-szv_c8.chk,"(27, 64, 64)",66.1,267.9,278.2,1.0,ok,/resnick/groups/changroup/members/jsun3/xprize/fit_THC/data_GDF/ISDFfull_bareGDF_diamond_3x3x3_gth-szv_c8.chk
ISDFfull_bareGDF_diamond_3x3x3_gth-szv_c10.chk,"(27, 80, 80)",24.4,116.8,132.4,1.1,ok,/resnick/groups/changroup/members/jsun3/xprize/fit_THC/data_GDF/ISDFfull_bareGDF_diamond_3x3x3_gth-szv_c10.chk
ISDFfull_bareGDF_diamond_3x3x3_gth-szv_c12.chk,"(27, 96, 96)",18.1,107.6,119.9,1.1,ok,/resnick/groups/changroup/members/jsun3/xprize/fit_THC/data_GDF/ISDFfull_bareGDF_diamond_3x3x3_gth-szv_c12.chk
ISDFfull_bareGDF_diamond_3x3x3_gth-szv_c15.chk,"(27, 120, 120)",8.9,58.5,65.3,1.1,ok,/resnick/groups/changroup/members/jsun3/xprize/fit_THC/data_GDF/ISDFfull_bareGDF_diamond_3x3x3_gth-szv_c15.chk
ISDFfull_bareGDF_diamond_3x3x3_gth-szv_c20.chk,"(27, 160, 160)",12.4,58.5,67.4,1.2,ok,/resnick/groups/changroup/members/jsun3/xprize/fit_THC/data_GDF/ISDFfull_bareGDF_diamond_3x3x3_gth-szv_c20.chk
ISDFfull_bareGDF_diamond_4x4x4_gth-dzvp_c5.chk,"(64, 130, 130)",8.6,79.6,81.2,1.0,ok,/resnick/groups/changroup/members/jsun3/xprize/fit_THC/data_GDF/ISDFfull_bareGDF_diamond_4x4x4_gth-dzvp_c5.chk
ISDFfull_bareGDF_diamond_4x4x4_gth-dzvp_c6.chk,"(64, 156, 156)",7.3,70.7,73.3,1.0,ok,/resnick/groups/changroup/members/jsun3/xprize/fit_THC/data_GDF/ISDFfull_bareGDF_diamond_4x4x4_gth-dzvp_c6.chk
ISDFfull_bareGDF_diamond_4x4x4_gth-dzvp_c8.chk,"(64, 208, 208)",5.3,49.5,51.6,1.0,ok,/resnick/groups/changroup/members/jsun3/xprize/fit_THC/data_GDF/ISDFfull_bareGDF_diamond_4x4x4_gth-dzvp_c8.chk
ISDFfull_bareGDF_diamond_4x4x4_gth-dzvp_c10.chk,"(64, 260, 260)",4.2,39.5,41.6,1.1,ok,/resnick/groups/changroup/members/jsun3/xprize/fit_THC/data_GDF/ISDFfull_bareGDF_diamond_4x4x4_gth-dzvp_c10.chk
ISDFfull_bareGDF_diamond_4x4x4_gth-dzvp_c12.chk,"(64, 312, 312)",3.0,38.9,41.3,1.1,ok,/resnick/groups/changroup/members/jsun3/xprize/fit_THC/data_GDF/ISDFfull_bareGDF_diamond_4x4x4_gth-dzvp_c12.chk
ISDFfull_bareGDF_diamond_4x4x4_gth-dzvp_c15.chk,"(64, 390, 390)",1.9,29.2,31.3,1.1,ok,/resnick/groups/changroup/members/jsun3/xprize/fit_THC/data_GDF/ISDFfull_bareGDF_diamond_4x4x4_gth-dzvp_c15.chk
ISDFfull_bareGDF_diamond_4x4x4_gth-dzvp_c20.chk,"(64, 520, 520)",96.6,824.1,3691.2,4.5,ok,/resnick/groups/changroup/members/jsun3/xprize/fit_THC/data_GDF/ISDFfull_bareGDF_diamond_4x4x4_gth-dzvp_c20.chk
ISDFfull_bareGDF_diamond_4x4x4_gth-szv_c5.chk,"(64, 40, 40)",33.8,270.6,271.7,1.0,ok,/resnick/groups/changroup/members/jsun3/xprize/fit_THC/data_GDF/ISDFfull_bareGDF_diamond_4x4x4_gth-szv_c5.chk
ISDFfull_bareGDF_diamond_4x4x4_gth-szv_c6.chk,"(64, 48, 48)",70.3,469.5,471.6,1.0,ok,/resnick/groups/changroup/members/jsun3/xprize/fit_THC/data_GDF/ISDFfull_bareGDF_diamond_4x4x4_gth-szv_c6.chk
ISDFfull_bareGDF_diamond_4x4x4_gth-szv_c8.chk,"(64, 64, 64)",114.5,487.1,492.1,1.0,ok,/resnick/groups/changroup/members/jsun3/xprize/fit_THC/data_GDF/ISDFfull_bareGDF_diamond_4x4x4_gth-szv_c8.chk
ISDFfull_bareGDF_diamond_4x4x4_gth-szv_c10.chk,"(64, 80, 80)",33.3,186.1,192.4,1.0,ok,/resnick/groups/changroup/members/jsun3/xprize/fit_THC/data_GDF/ISDFfull_bareGDF_diamond_4x4x4_gth-szv_c10.chk
ISDFfull_bareGDF_diamond_4x4x4_gth-szv_c12.chk,"(64, 96, 96)",25.5,183.3,190.7,1.0,ok,/resnick/groups/changroup/members/jsun3/xprize/fit_THC/data_GDF/ISDFfull_bareGDF_diamond_4x4x4_gth-szv_c12.chk
ISDFfull_bareGDF_diamond_4x4x4_gth-szv_c15.chk,"(64, 120, 120)",11.5,101.0,104.9,1.0,ok,/resnick/groups/changroup/members/jsun3/xprize/fit_THC/data_GDF/ISDFfull_bareGDF_diamond_4x4x4_gth-szv_c15.chk
ISDFfull_bareGDF_diamond_4x4x4_gth-szv_c20.chk,"(64, 160, 160)",17.1,99.8,105.6,1.1,ok,/resnick/groups/changroup/members/jsun3/xprize/fit_THC/data_GDF/ISDFfull_bareGDF_diamond_4x4x4_gth-szv_c20.chk
ISDFfull_bareGDF_diamond_5x5x5_gth-dzvp_c5.chk,"(125, 130, 130)",11.6,123.2,124.2,1.0,ok,/resnick/groups/changroup/members/jsun3/xprize/fit_THC/data_GDF/ISDFfull_bareGDF_diamond_5x5x5_gth-dzvp_c5.chk
ISDFfull_bareGDF_diamond_5x5x5_gth-dzvp_c6.chk,"(125, 156, 156)",9.6,108.8,110.4,1.0,ok,/resnick/groups/changroup/members/jsun3/xprize/fit_THC/data_GDF/ISDFfull_bareGDF_diamond_5x5x5_gth-dzvp_c6.chk
ISDFfull_bareGDF_diamond_5x5x5_gth-dzvp_c8.chk,"(125, 208, 208)",6.9,75.9,77.2,1.0,ok,/resnick/groups/changroup/members/jsun3/xprize/fit_THC/data_GDF/ISDFfull_bareGDF_diamond_5x5x5_gth-dzvp_c8.chk
ISDFfull_bareGDF_diamond_5x5x5_gth-dzvp_c10.chk,"(125, 260, 260)",5.6,61.2,62.5,1.0,ok,/resnick/groups/changroup/members/jsun3/xprize/fit_THC/data_GDF/ISDFfull_bareGDF_diamond_5x5x5_gth-dzvp_c10.chk
ISDFfull_bareGDF_diamond_5x5x5_gth-dzvp_c12.chk,"(125, 312, 312)",3.8,60.2,61.7,1.0,ok,/resnick/groups/changroup/members/jsun3/xprize/fit_THC/data_GDF/ISDFfull_bareGDF_diamond_5x5x5_gth-dzvp_c12.chk
ISDFfull_bareGDF_diamond_5x5x5_gth-dzvp_c15.chk,"(125, 390, 390)",2.5,49.4,53.3,1.1,ok,/resnick/groups/changroup/members/jsun3/xprize/fit_THC/data_GDF/ISDFfull_bareGDF_diamond_5x5x5_gth-dzvp_c15.chk
ISDFfull_bareGDF_diamond_5x5x5_gth-dzvp_c20.chk,"(125, 520, 520)",152.9,1361.0,6242.9,4.6,ok,/resnick/groups/changroup/members/jsun3/xprize/fit_THC/data_GDF/ISDFfull_bareGDF_diamond_5x5x5_gth-dzvp_c20.chk
ISDFfull_bareGDF_diamond_5x5x5_gth-szv_c5.chk,"(125, 40, 40)",50.8,429.0,429.6,1.0,ok,/resnick/groups/changroup/members/jsun3/xprize/fit_THC/data_GDF/ISDFfull_bareGDF_diamond_5x5x5_gth-szv_c5.chk
ISDFfull_bareGDF_diamond_5x5x5_gth-szv_c6.chk,"(125, 48, 48)",104.8,738.7,739.7,1.0,ok,/resnick/groups/changroup/members/jsun3/xprize/fit_THC/data_GDF/ISDFfull_bareGDF_diamond_5x5x5_gth-szv_c6.chk
ISDFfull_bareGDF_diamond_5x5x5_gth-szv_c8.chk,"(125, 64, 64)",169.6,747.3,750.1,1.0,ok,/resnick/groups/changroup/members/jsun3/xprize/fit_THC/data_GDF/ISDFfull_bareGDF_diamond_5x5x5_gth-szv_c8.chk
ISDFfull_bareGDF_diamond_5x5x5_gth-szv_c10.chk,"(125, 80, 80)",46.7,284.6,288.5,1.0,ok,/resnick/groups/changroup/members/jsun3/xprize/fit_THC/data_GDF/ISDFfull_bareGDF_diamond_5x5x5_gth-szv_c10.chk
ISDFfull_bareGDF_diamond_5x5x5_gth-szv_c12.chk,"(125, 96, 96)",36.8,274.5,279.2,1.0,ok,/resnick/groups/changroup/members/jsun3/xprize/fit_THC/data_GDF/ISDFfull_bareGDF_diamond_5x5x5_gth-szv_c12.chk
ISDFfull_bareGDF_diamond_5x5x5_gth-szv_c15.chk,"(125, 120, 120)",14.9,154.5,157.0,1.0,ok,/resnick/groups/changroup/members/jsun3/xprize/fit_THC/data_GDF/ISDFfull_bareGDF_diamond_5x5x5_gth-szv_c15.chk
ISDFfull_bareGDF_diamond_5x5x5_gth-szv_c20.chk,"(125, 160, 160)",23.4,150.5,154.3,1.0,ok,/resnick/groups/changroup/members/jsun3/xprize/fit_THC/data_GDF/ISDFfull_bareGDF_diamond_5x5x5_gth-szv_c20.chk
ISDFfull_bareGDF_diamond_6x6x6_gth-dzvp_c5.chk,"(216, 130, 130)",14.8,173.9,174.5,1.0,ok,/resnick/groups/changroup/members/jsun3/xprize/fit_THC/data_GDF/ISDFfull_bareGDF_diamond_6x6x6_gth-dzvp_c5.chk
ISDFfull_bareGDF_diamond_6x6x6_gth-dzvp_c6.chk,"(216, 156, 156)",12.4,152.6,153.7,1.0,ok,/resnick/groups/changroup/members/jsun3/xprize/fit_THC/data_GDF/ISDFfull_bareGDF_diamond_6x6x6_gth-dzvp_c6.chk
ISDFfull_bareGDF_diamond_6x6x6_gth-dzvp_c8.chk,"(216, 208, 208)",8.7,106.5,107.3,1.0,ok,/resnick/groups/changroup/members/jsun3/xprize/fit_THC/data_GDF/ISDFfull_bareGDF_diamond_6x6x6_gth-dzvp_c8.chk
ISDFfull_bareGDF_diamond_6x6x6_gth-dzvp_c10.chk,"(216, 260, 260)",7.2,86.7,87.6,1.0,ok,/resnick/groups/changroup/members/jsun3/xprize/fit_THC/data_GDF/ISDFfull_bareGDF_diamond_6x6x6_gth-dzvp_c10.chk
ISDFfull_bareGDF_diamond_6x6x6_gth-dzvp_c12.chk,"(216, 312, 312)",4.9,84.8,85.8,1.0,ok,/resnick/groups/changroup/members/jsun3/xprize/fit_THC/data_GDF/ISDFfull_bareGDF_diamond_6x6x6_gth-dzvp_c12.chk
ISDFfull_bareGDF_diamond_6x6x6_gth-dzvp_c15.chk,"(216, 390, 390)",3.2,69.4,72.9,1.1,ok,/resnick/groups/changroup/members/jsun3/xprize/fit_THC/data_GDF/ISDFfull_bareGDF_diamond_6x6x6_gth-dzvp_c15.chk
ISDFfull_bareGDF_diamond_6x6x6_gth-dzvp_c20.chk,"(216, 520, 520)",213.3,1673.0,7741.7,4.6,ok,/resnick/groups/changroup/members/jsun3/xprize/fit_THC/data_GDF/ISDFfull_bareGDF_diamond_6x6x6_gth-dzvp_c20.chk
ISDFfull_bareGDF_diamond_6x6x6_gth-szv_c5.chk,"(216, 40, 40)",99.5,819.1,819.5,1.0,ok,/resnick/groups/changroup/members/jsun3/xprize/fit_THC/data_GDF/ISDFfull_bareGDF_diamond_6x6x6_gth-szv_c5.chk
ISDFfull_bareGDF_diamond_6x6x6_gth-szv_c6.chk,"(216, 48, 48)",139.6,1010.3,1010.9,1.0,ok,/resnick/groups/changroup/members/jsun3/xprize/fit_THC/data_GDF/ISDFfull_bareGDF_diamond_6x6x6_gth-szv_c6.chk
ISDFfull_bareGDF_diamond_6x6x6_gth-szv_c8.chk,"(216, 64, 64)",221.8,1021.2,1022.9,1.0,ok,/resnick/groups/changroup/members/jsun3/xprize/fit_THC/data_GDF/ISDFfull_bareGDF_diamond_6x6x6_gth-szv_c8.chk
ISDFfull_bareGDF_diamond_6x6x6_gth-szv_c10.chk,"(216, 80, 80)",62.1,399.7,402.1,1.0,ok,/resnick/groups/changroup/members/jsun3/xprize/fit_THC/data_GDF/ISDFfull_bareGDF_diamond_6x6x6_gth-szv_c10.chk
ISDFfull_bareGDF_diamond_6x6x6_gth-szv_c12.chk,"(216, 96, 96)",49.9,377.9,381.0,1.0,ok,/resnick/groups/changroup/members/jsun3/xprize/fit_THC/data_GDF/ISDFfull_bareGDF_diamond_6x6x6_gth-szv_c12.chk
ISDFfull_bareGDF_diamond_6x6x6_gth-szv_c15.chk,"(216, 120, 120)",19.3,232.1,234.1,1.0,ok,/resnick/groups/changroup/members/jsun3/xprize/fit_THC/data_GDF/ISDFfull_bareGDF_diamond_6x6x6_gth-szv_c15.chk
ISDFfull_bareGDF_diamond_6x6x6_gth-szv_c20.chk,"(216, 160, 160)",32.3,239.3,242.9,1.0,ok,/resnick/groups/changroup/members/jsun3/xprize/fit_THC/data_GDF/ISDFfull_bareGDF_diamond_6x6x6_gth-szv_c20.chk
ISDFfull_opt_bareGDF_diamond_2x2x2_gth-dzvp_c6_cref20_norm0.03.chk,"(8, 156, 156)",0.7,10.0,16.2,1.6,ok,/resnick/groups/changroup/members/jsun3/xprize/fit_THC/data_GDF/ISDFfull_opt_bareGDF_diamond_2x2x2_gth-dzvp_c6_cref20_norm0.03.chk
ISDFfull_opt_bareGDF_diamond_2x2x2_gth-dzvp_c8_cref20_norm0.01.chk,"(8, 208, 208)",0.9,9.6,16.9,1.8,ok,/resnick/groups/changroup/members/jsun3/xprize/fit_THC/data_GDF/ISDFfull_opt_bareGDF_diamond_2x2x2_gth-dzvp_c8_cref20_norm0.01.chk
ISDFfull_opt_bareGDF_diamond_2x2x2_gth-dzvp_c12_cref20_norm0.01.chk,"(8, 312, 312)",0.5,6.9,11.6,1.7,ok,/resnick/groups/changroup/members/jsun3/xprize/fit_THC/data_GDF/ISDFfull_opt_bareGDF_diamond_2x2x2_gth-dzvp_c12_cref20_norm0.01.chk
ISDFfull_opt_bareGDF_diamond_2x2x2_gth-dzvp_c12_cref20_norm0.02.chk,"(8, 312, 312)",0.4,6.7,11.2,1.7,ok,/resnick/groups/changroup/members/jsun3/xprize/fit_THC/data_GDF/ISDFfull_opt_bareGDF_diamond_2x2x2_gth-dzvp_c12_cref20_norm0.02.chk
ISDFfull_opt_bareGDF_diamond_3x3x3_gth-dzvp_c6_cref20_norm0.03.chk,"(27, 156, 156)",0.6,16.8,18.9,1.1,ok,/resnick/groups/changroup/members/jsun3/xprize/fit_THC/data_GDF/ISDFfull_opt_bareGDF_diamond_3x3x3_gth-dzvp_c6_cref20_norm0.03.chk
ISDFfull_opt_bareGDF_diamond_3x3x3_gth-dzvp_c8_cref20_norm0.01.chk,"(27, 208, 208)",0.8,19.9,23.4,1.2,ok,/resnick/groups/changroup/members/jsun3/xprize/fit_THC/data_GDF/ISDFfull_opt_bareGDF_diamond_3x3x3_gth-dzvp_c8_cref20_norm0.01.chk
ISDFfull_opt_bareGDF_diamond_3x3x3_gth-dzvp_c12_cref20_norm0.01.chk,"(27, 312, 312)",0.5,15.2,17.9,1.2,ok,/resnick/groups/changroup/members/jsun3/xprize/fit_THC/data_GDF/ISDFfull_opt_bareGDF_diamond_3x3x3_gth-dzvp_c12_cref20_norm0.01.chk
ISDFfull_opt_bareGDF_diamond_3x3x3_gth-dzvp_c12_cref20_norm0.02.chk,"(27, 312, 312)",0.4,13.9,15.9,1.1,ok,/resnick/groups/changroup/members/jsun3/xprize/fit_THC/data_GDF/ISDFfull_opt_bareGDF_diamond_3x3x3_gth-dzvp_c12_cref20_norm0.02.chk
ISDFfull_opt_bareGDF_diamond_4x4x4_gth-dzvp_c6_cref20_norm0.03.chk,"(64, 156, 156)",0.7,28.5,29.6,1.0,ok,/resnick/groups/changroup/members/jsun3/xprize/fit_THC/data_GDF/ISDFfull_opt_bareGDF_diamond_4x4x4_gth-dzvp_c6_cref20_norm0.03.chk
ISDFfull_opt_bareGDF_diamond_4x4x4_gth-dzvp_c8_cref20_norm0.01.chk,"(64, 208, 208)",1.0,35.0,36.8,1.1,ok,/resnick/groups/changroup/members/jsun3/xprize/fit_THC/data_GDF/ISDFfull_opt_bareGDF_diamond_4x4x4_gth-dzvp_c8_cref20_norm0.01.chk
ISDFfull_opt_bareGDF_diamond_4x4x4_gth-dzvp_c12_cref20_norm0.01.chk,"(64, 312, 312)",0.6,26.0,27.2,1.0,ok,/resnick/groups/changroup/members/jsun3/xprize/fit_THC/data_GDF/ISDFfull_opt_bareGDF_diamond_4x4x4_gth-dzvp_c12_cref20_norm0.01.chk
ISDFfull_opt_bareGDF_diamond_4x4x4_gth-dzvp_c12_cref20_norm0.02.chk,"(64, 312, 312)",0.4,23.7,24.7,1.0,ok,/resnick/groups/changroup/members/jsun3/xprize/fit_THC/data_GDF/ISDFfull_opt_bareGDF_diamond_4x4x4_gth-dzvp_c12_cref20_norm0.02.chk
ISDFfull_opt_bareGDF_diamond_5x5x5_gth-dzvp_c6_cref20_norm0.03.chk,"(125, 156, 156)",0.7,39.3,39.9,1.0,ok,/resnick/groups/changroup/members/jsun3/xprize/fit_THC/data_GDF/ISDFfull_opt_bareGDF_diamond_5x5x5_gth-dzvp_c6_cref20_norm0.03.chk
ISDFfull_opt_bareGDF_diamond_5x5x5_gth-dzvp_c8_cref20_norm0.01.chk,"(125, 208, 208)",1.0,48.2,48.9,1.0,ok,/resnick/groups/changroup/members/jsun3/xprize/fit_THC/data_GDF/ISDFfull_opt_bareGDF_diamond_5x5x5_gth-dzvp_c8_cref20_norm0.01.chk
ISDFfull_opt_bareGDF_diamond_5x5x5_gth-dzvp_c12_cref20_norm0.01.chk,"(125, 312, 312)",0.5,36.9,37.6,1.0,ok,/resnick/groups/changroup/members/jsun3/xprize/fit_THC/data_GDF/ISDFfull_opt_bareGDF_diamond_5x5x5_gth-dzvp_c12_cref20_norm0.01.chk
ISDFfull_opt_bareGDF_diamond_5x5x5_gth-dzvp_c12_cref20_norm0.02.chk,"(125, 312, 312)",0.1,15.7,15.8,1.0,ok,/resnick/groups/changroup/members/jsun3/xprize/fit_THC/data_GDF/ISDFfull_opt_bareGDF_diamond_5x5x5_gth-dzvp_c12_cref20_norm0.02.chk
ISDFfull_opt_bareGDF_diamond_6x6x6_gth-dzvp_c6_cref20_norm0.03.chk,"(216, 156, 156)",1.0,60.6,61.0,1.0,ok,/resnick/groups/changroup/members/jsun3/xprize/fit_THC/data_GDF/ISDFfull_opt_bareGDF_diamond_6x6x6_gth-dzvp_c6_cref20_norm0.03.chk
ISDFfull_opt_bareGDF_diamond_6x6x6_gth-dzvp_c8_cref20_norm0.01.chk,"(216, 208, 208)",1.3,73.3,73.9,1.0,ok,/resnick/groups/changroup/members/jsun3/xprize/fit_THC/data_GDF/ISDFfull_opt_bareGDF_diamond_6x6x6_gth-dzvp_c8_cref20_norm0.01.chk
ISDFfull_opt_bareGDF_diamond_6x6x6_gth-dzvp_c12_cref20_norm0.01.chk,"(216, 312, 312)",0.6,52.4,52.8,1.0,ok,/resnick/groups/changroup/members/jsun3/xprize/fit_THC/data_GDF/ISDFfull_opt_bareGDF_diamond_6x6x6_gth-dzvp_c12_cref20_norm0.01.chk
ISDFfull_opt_bareGDF_diamond_6x6x6_gth-dzvp_c12_cref20_norm0.02.chk,"(216, 312, 312)",0.1,20.9,20.9,1.0,ok,/resnick/groups/changroup/members/jsun3/xprize/fit_THC/data_GDF/ISDFfull_opt_bareGDF_diamond_6x6x6_gth-dzvp_c12_cref20_norm0.02.chk
ISDFfull_opt_screenGDF_diamond_2x2x2_gth-dzvp_c6_cref20_norm0.03.chk,"(8, 156, 156)",0.6,5.4,10.0,1.8,ok,/resnick/groups/changroup/members/jsun3/xprize/fit_THC/data_GDF/ISDFfull_opt_screenGDF_diamond_2x2x2_gth-dzvp_c6_cref20_norm0.03.chk
ISDFfull_opt_screenGDF_diamond_2x2x2_gth-dzvp_c8_cref20_norm0.01.chk,"(8, 208, 208)",0.7,5.0,11.4,2.3,ok,/resnick/groups/changroup/members/jsun3/xprize/fit_THC/data_GDF/ISDFfull_opt_screenGDF_diamond_2x2x2_gth-dzvp_c8_cref20_norm0.01.chk
ISDFfull_opt_screenGDF_diamond_3x3x3_gth-dzvp_c6_cref20_norm0.03.chk,"(27, 156, 156)",0.5,6.3,9.4,1.5,ok,/resnick/groups/changroup/members/jsun3/xprize/fit_THC/data_GDF/ISDFfull_opt_screenGDF_diamond_3x3x3_gth-dzvp_c6_cref20_norm0.03.chk
ISDFfull_opt_screenGDF_diamond_3x3x3_gth-dzvp_c8_cref20_norm0.01.chk,"(27, 208, 208)",0.6,7.1,12.2,1.7,ok,/resnick/groups/changroup/members/jsun3/xprize/fit_THC/data_GDF/ISDFfull_opt_screenGDF_diamond_3x3x3_gth-dzvp_c8_cref20_norm0.01.chk
ISDFfull_opt_screenGDF_diamond_4x4x4_gth-dzvp_c6_cref20_norm0.03.chk,"(64, 156, 156)",0.5,8.6,10.7,1.2,ok,/resnick/groups/changroup/members/jsun3/xprize/fit_THC/data_GDF/ISDFfull_opt_screenGDF_diamond_4x4x4_gth-dzvp_c6_cref20_norm0.03.chk
ISDFfull_opt_screenGDF_diamond_4x4x4_gth-dzvp_c8_cref20_norm0.01.chk,"(64, 208, 208)",0.7,10.6,14.5,1.4,ok,/resnick/groups/changroup/members/jsun3/xprize/fit_THC/data_GDF/ISDFfull_opt_screenGDF_diamond_4x4x4_gth-dzvp_c8_cref20_norm0.01.chk
ISDFfull_opt_screenGDF_diamond_5x5x5_gth-dzvp_c6_cref20_norm0.03.chk,"(125, 156, 156)",0.4,10.8,12.2,1.1,ok,/resnick/groups/changroup/members/jsun3/xprize/fit_THC/data_GDF/ISDFfull_opt_screenGDF_diamond_5x5x5_gth-dzvp_c6_cref20_norm0.03.chk
ISDFfull_opt_screenGDF_diamond_5x5x5_gth-dzvp_c8_cref20_norm0.01.chk,"(125, 208, 208)",0.6,13.4,15.4,1.2,ok,/resnick/groups/changroup/members/jsun3/xprize/fit_THC/data_GDF/ISDFfull_opt_screenGDF_diamond_5x5x5_gth-dzvp_c8_cref20_norm0.01.chk
ISDFfull_opt_screenGDF_diamond_6x6x6_gth-dzvp_c6_cref20_norm0.03.chk,"(216, 156, 156)",0.5,16.2,17.4,1.1,ok,/resnick/groups/changroup/members/jsun3/xprize/fit_THC/data_GDF/ISDFfull_opt_screenGDF_diamond_6x6x6_gth-dzvp_c6_cref20_norm0.03.chk
ISDFfull_opt_screenGDF_diamond_6x6x6_gth-dzvp_c8_cref20_norm0.01.chk,"(216, 208, 208)",0.7,18.8,20.5,1.1,ok,/resnick/groups/changroup/members/jsun3/xprize/fit_THC/data_GDF/ISDFfull_opt_screenGDF_diamond_6x6x6_gth-dzvp_c8_cref20_norm0.01.chk
ISDFfull_screenGDF_diamond_2x2x2_gth-dzvp_c5.chk,"(8, 130, 130)",3.0,12.8,19.3,1.5,ok,/resnick/groups/changroup/members/jsun3/xprize/fit_THC/data_GDF/ISDFfull_screenGDF_diamond_2x2x2_gth-dzvp_c5.chk
ISDFfull_screenGDF_diamond_2x2x2_gth-dzvp_c6.chk,"(8, 156, 156)",3.3,11.6,18.6,1.6,ok,/resnick/groups/changroup/members/jsun3/xprize/fit_THC/data_GDF/ISDFfull_screenGDF_diamond_2x2x2_gth-dzvp_c6.chk
ISDFfull_screenGDF_diamond_2x2x2_gth-dzvp_c8.chk,"(8, 208, 208)",2.5,9.7,16.2,1.7,ok,/resnick/groups/changroup/members/jsun3/xprize/fit_THC/data_GDF/ISDFfull_screenGDF_diamond_2x2x2_gth-dzvp_c8.chk
ISDFfull_screenGDF_diamond_2x2x2_gth-dzvp_c10.chk,"(8, 260, 260)",2.1,8.0,15.2,1.9,ok,/resnick/groups/changroup/members/jsun3/xprize/fit_THC/data_GDF/ISDFfull_screenGDF_diamond_2x2x2_gth-dzvp_c10.chk
ISDFfull_screenGDF_diamond_2x2x2_gth-dzvp_c12.chk,"(8, 312, 312)",1.8,6.3,12.7,2.0,ok,/resnick/groups/changroup/members/jsun3/xprize/fit_THC/data_GDF/ISDFfull_screenGDF_diamond_2x2x2_gth-dzvp_c12.chk
ISDFfull_screenGDF_diamond_2x2x2_gth-dzvp_c15.chk,"(8, 390, 390)",1.1,6.1,11.0,1.8,ok,/resnick/groups/changroup/members/jsun3/xprize/fit_THC/data_GDF/ISDFfull_screenGDF_diamond_2x2x2_gth-dzvp_c15.chk
ISDFfull_screenGDF_diamond_2x2x2_gth-dzvp_c20.chk,"(8, 520, 520)",27.4,189.9,738.5,3.9,ok,/resnick/groups/changroup/members/jsun3/xprize/fit_THC/data_GDF/ISDFfull_screenGDF_diamond_2x2x2_gth-dzvp_c20.chk
ISDFfull_screenGDF_diamond_2x2x2_gth-szv_c5.chk,"(8, 40, 40)",11.1,40.0,50.1,1.3,ok,/resnick/groups/changroup/members/jsun3/xprize/fit_THC/data_GDF/ISDFfull_screenGDF_diamond_2x2x2_gth-szv_c5.chk
ISDFfull_screenGDF_diamond_2x2x2_gth-szv_c6.chk,"(8, 48, 48)",12.3,51.8,65.0,1.3,ok,/resnick/groups/changroup/members/jsun3/xprize/fit_THC/data_GDF/ISDFfull_screenGDF_diamond_2x2x2_gth-szv_c6.chk
ISDFfull_screenGDF_diamond_2x2x2_gth-szv_c8.chk,"(8, 64, 64)",34.8,102.0,126.4,1.2,ok,/resnick/groups/changroup/members/jsun3/xprize/fit_THC/data_GDF/ISDFfull_screenGDF_diamond_2x2x2_gth-szv_c8.chk
ISDFfull_screenGDF_diamond_2x2x2_gth-szv_c10.chk,"(8, 80, 80)",15.3,48.8,77.8,1.6,ok,/resnick/groups/changroup/members/jsun3/xprize/fit_THC/data_GDF/ISDFfull_screenGDF_diamond_2x2x2_gth-szv_c10.chk
ISDFfull_screenGDF_diamond_2x2x2_gth-szv_c12.chk,"(8, 96, 96)",13.9,70.8,88.6,1.3,ok,/resnick/groups/changroup/members/jsun3/xprize/fit_THC/data_GDF/ISDFfull_screenGDF_diamond_2x2x2_gth-szv_c12.chk
ISDFfull_screenGDF_diamond_2x2x2_gth-szv_c15.chk,"(8, 120, 120)",8.1,28.3,41.6,1.5,ok,/resnick/groups/changroup/members/jsun3/xprize/fit_THC/data_GDF/ISDFfull_screenGDF_diamond_2x2x2_gth-szv_c15.chk
ISDFfull_screenGDF_diamond_2x2x2_gth-szv_c20.chk,"(8, 160, 160)",7.7,25.5,40.8,1.6,ok,/resnick/groups/changroup/members/jsun3/xprize/fit_THC/data_GDF/ISDFfull_screenGDF_diamond_2x2x2_gth-szv_c20.chk
ISDFfull_screenGDF_diamond_3x3x3_gth-dzvp_c5.chk,"(27, 130, 130)",3.5,17.8,22.0,1.2,ok,/resnick/groups/changroup/members/jsun3/xprize/fit_THC/data_GDF/ISDFfull_screenGDF_diamond_3x3x3_gth-dzvp_c5.chk
ISDFfull_screenGDF_diamond_3x3x3_gth-dzvp_c6.chk,"(27, 156, 156)",3.5,16.2,22.6,1.4,ok,/resnick/groups/changroup/members/jsun3/xprize/fit_THC/data_GDF/ISDFfull_screenGDF_diamond_3x3x3_gth-dzvp_c6.chk
ISDFfull_screenGDF_diamond_3x3x3_gth-dzvp_c8.chk,"(27, 208, 208)",2.7,12.2,17.0,1.4,ok,/resnick/groups/changroup/members/jsun3/xprize/fit_THC/data_GDF/ISDFfull_screenGDF_diamond_3x3x3_gth-dzvp_c8.chk
ISDFfull_screenGDF_diamond_3x3x3_gth-dzvp_c10.chk,"(27, 260, 260)",2.3,9.2,14.2,1.5,ok,/resnick/groups/changroup/members/jsun3/xprize/fit_THC/data_GDF/ISDFfull_screenGDF_diamond_3x3x3_gth-dzvp_c10.chk
ISDFfull_screenGDF_diamond_3x3x3_gth-dzvp_c12.chk,"(27, 312, 312)",1.8,8.7,14.8,1.7,ok,/resnick/groups/changroup/members/jsun3/xprize/fit_THC/data_GDF/ISDFfull_screenGDF_diamond_3x3x3_gth-dzvp_c12.chk
ISDFfull_screenGDF_diamond_3x3x3_gth-dzvp_c15.chk,"(27, 390, 390)",1.0,6.6,11.3,1.7,ok,/resnick/groups/changroup/members/jsun3/xprize/fit_THC/data_GDF/ISDFfull_screenGDF_diamond_3x3x3_gth-dzvp_c15.chk
ISDFfull_screenGDF_diamond_3x3x3_gth-dzvp_c20.chk,"(27, 520, 520)",13.0,91.6,423.5,4.6,ok,/resnick/groups/changroup/members/jsun3/xprize/fit_THC/data_GDF/ISDFfull_screenGDF_diamond_3x3x3_gth-dzvp_c20.chk
ISDFfull_screenGDF_diamond_3x3x3_gth-szv_c5.chk,"(27, 40, 40)",11.5,66.8,70.2,1.1,ok,/resnick/groups/changroup/members/jsun3/xprize/fit_THC/data_GDF/ISDFfull_screenGDF_diamond_3x3x3_gth-szv_c5.chk
ISDFfull_screenGDF_diamond_3x3x3_gth-szv_c6.chk,"(27, 48, 48)",23.5,120.8,127.8,1.1,ok,/resnick/groups/changroup/members/jsun3/xprize/fit_THC/data_GDF/ISDFfull_screenGDF_diamond_3x3x3_gth-szv_c6.chk
ISDFfull_screenGDF_diamond_3x3x3_gth-szv_c8.chk,"(27, 64, 64)",43.0,142.4,155.2,1.1,ok,/resnick/groups/changroup/members/jsun3/xprize/fit_THC/data_GDF/ISDFfull_screenGDF_diamond_3x3x3_gth-szv_c8.chk
ISDFfull_screenGDF_diamond_3x3x3_gth-szv_c10.chk,"(27, 80, 80)",17.3,62.4,82.9,1.3,ok,/resnick/groups/changroup/members/jsun3/xprize/fit_THC/data_GDF/ISDFfull_screenGDF_diamond_3x3x3_gth-szv_c10.chk
ISDFfull_screenGDF_diamond_3x3x3_gth-szv_c12.chk,"(27, 96, 96)",13.4,61.1,76.3,1.2,ok,/resnick/groups/changroup/members/jsun3/xprize/fit_THC/data_GDF/ISDFfull_screenGDF_diamond_3x3x3_gth-szv_c12.chk
ISDFfull_screenGDF_diamond_3x3x3_gth-szv_c15.chk,"(27, 120, 120)",7.1,31.5,40.3,1.3,ok,/resnick/groups/changroup/members/jsun3/xprize/fit_THC/data_GDF/ISDFfull_screenGDF_diamond_3x3x3_gth-szv_c15.chk
ISDFfull_screenGDF_diamond_3x3x3_gth-szv_c20.chk,"(27, 160, 160)",8.8,32.3,43.5,1.3,ok,/resnick/groups/changroup/members/jsun3/xprize/fit_THC/data_GDF/ISDFfull_screenGDF_diamond_3x3x3_gth-szv_c20.chk
ISDFfull_screenGDF_diamond_4x4x4_gth-dzvp_c5.chk,"(64, 130, 130)",4.2,26.0,29.0,1.1,ok,/resnick/groups/changroup/members/jsun3/xprize/fit_THC/data_GDF/ISDFfull_screenGDF_diamond_4x4x4_gth-dzvp_c5.chk
ISDFfull_screenGDF_diamond_4x4x4_gth-dzvp_c6.chk,"(64, 156, 156)",3.6,21.0,25.0,1.2,ok,/resnick/groups/changroup/members/jsun3/xprize/fit_THC/data_GDF/ISDFfull_screenGDF_diamond_4x4x4_gth-dzvp_c6.chk
ISDFfull_screenGDF_diamond_4x4x4_gth-dzvp_c8.chk,"(64, 208, 208)",2.9,16.8,20.8,1.2,ok,/resnick/groups/changroup/members/jsun3/xprize/fit_THC/data_GDF/ISDFfull_screenGDF_diamond_4x4x4_gth-dzvp_c8.chk
ISDFfull_screenGDF_diamond_4x4x4_gth-dzvp_c10.chk,"(64, 260, 260)",2.6,13.0,17.1,1.3,ok,/resnick/groups/changroup/members/jsun3/xprize/fit_THC/data_GDF/ISDFfull_screenGDF_diamond_4x4x4_gth-dzvp_c10.chk
ISDFfull_screenGDF_diamond_4x4x4_gth-dzvp_c12.chk,"(64, 312, 312)",1.9,12.5,17.5,1.4,ok,/resnick/groups/changroup/members/jsun3/xprize/fit_THC/data_GDF/ISDFfull_screenGDF_diamond_4x4x4_gth-dzvp_c12.chk
ISDFfull_screenGDF_diamond_4x4x4_gth-dzvp_c15.chk,"(64, 390, 390)",1.2,9.2,13.2,1.4,ok,/resnick/groups/changroup/members/jsun3/xprize/fit_THC/data_GDF/ISDFfull_screenGDF_diamond_4x4x4_gth-dzvp_c15.chk
ISDFfull_screenGDF_diamond_4x4x4_gth-dzvp_c20.chk,"(64, 520, 520)",31.1,233.1,1060.6,4.6,ok,/resnick/groups/changroup/members/jsun3/xprize/fit_THC/data_GDF/ISDFfull_screenGDF_diamond_4x4x4_gth-dzvp_c20.chk
ISDFfull_screenGDF_diamond_4x4x4_gth-szv_c5.chk,"(64, 40, 40)",16.7,115.3,117.1,1.0,ok,/resnick/groups/changroup/members/jsun3/xprize/fit_THC/data_GDF/ISDFfull_screenGDF_diamond_4x4x4_gth-szv_c5.chk
ISDFfull_screenGDF_diamond_4x4x4_gth-szv_c6.chk,"(64, 48, 48)",33.7,204.4,207.9,1.0,ok,/resnick/groups/changroup/members/jsun3/xprize/fit_THC/data_GDF/ISDFfull_screenGDF_diamond_4x4x4_gth-szv_c6.chk
ISDFfull_screenGDF_diamond_4x4x4_gth-szv_c8.chk,"(64, 64, 64)",60.8,216.4,224.5,1.0,ok,/resnick/groups/changroup/members/jsun3/xprize/fit_THC/data_GDF/ISDFfull_screenGDF_diamond_4x4x4_gth-szv_c8.chk
ISDFfull_screenGDF_diamond_4x4x4_gth-szv_c10.chk,"(64, 80, 80)",19.8,82.0,92.9,1.1,ok,/resnick/groups/changroup/members/jsun3/xprize/fit_THC/data_GDF/ISDFfull_screenGDF_diamond_4x4x4_gth-szv_c10.chk
ISDFfull_screenGDF_diamond_4x4x4_gth-szv_c12.chk,"(64, 96, 96)",15.6,84.5,96.7,1.1,ok,/resnick/groups/changroup/members/jsun3/xprize/fit_THC/data_GDF/ISDFfull_screenGDF_diamond_4x4x4_gth-szv_c12.chk
ISDFfull_screenGDF_diamond_4x4x4_gth-szv_c15.chk,"(64, 120, 120)",7.9,44.8,51.5,1.1,ok,/resnick/groups/changroup/members/jsun3/xprize/fit_THC/data_GDF/ISDFfull_screenGDF_diamond_4x4x4_gth-szv_c15.chk
ISDFfull_screenGDF_diamond_4x4x4_gth-szv_c20.chk,"(64, 160, 160)",10.3,45.5,55.1,1.2,ok,/resnick/groups/changroup/members/jsun3/xprize/fit_THC/data_GDF/ISDFfull_screenGDF_diamond_4x4x4_gth-szv_c20.chk
ISDFfull_screenGDF_diamond_5x5x5_gth-dzvp_c5.chk,"(125, 130, 130)",4.7,35.2,37.4,1.1,ok,/resnick/groups/changroup/members/jsun3/xprize/fit_THC/data_GDF/ISDFfull_screenGDF_diamond_5x5x5_gth-dzvp_c5.chk
ISDFfull_screenGDF_diamond_5x5x5_gth-dzvp_c6.chk,"(125, 156, 156)",4.4,31.1,34.8,1.1,ok,/resnick/groups/changroup/members/jsun3/xprize/fit_THC/data_GDF/ISDFfull_screenGDF_diamond_5x5x5_gth-dzvp_c6.chk
ISDFfull_screenGDF_diamond_5x5x5_gth-dzvp_c8.chk,"(125, 208, 208)",3.3,22.1,25.3,1.1,ok,/resnick/groups/changroup/members/jsun3/xprize/fit_THC/data_GDF/ISDFfull_screenGDF_diamond_5x5x5_gth-dzvp_c8.chk
ISDFfull_screenGDF_diamond_5x5x5_gth-dzvp_c10.chk,"(125, 260, 260)",2.9,17.5,20.7,1.2,ok,/resnick/groups/changroup/members/jsun3/xprize/fit_THC/data_GDF/ISDFfull_screenGDF_diamond_5x5x5_gth-dzvp_c10.chk
ISDFfull_screenGDF_diamond_5x5x5_gth-dzvp_c12.chk,"(125, 312, 312)",2.0,17.0,20.9,1.2,ok,/resnick/groups/changroup/members/jsun3/xprize/fit_THC/data_GDF/ISDFfull_screenGDF_diamond_5x5x5_gth-dzvp_c12.chk
ISDFfull_screenGDF_diamond_5x5x5_gth-dzvp_c15.chk,"(125, 390, 390)",1.3,12.5,15.6,1.2,ok,/resnick/groups/changroup/members/jsun3/xprize/fit_THC/data_GDF/ISDFfull_screenGDF_diamond_5x5x5_gth-dzvp_c15.chk
ISDFfull_screenGDF_diamond_5x5x5_gth-dzvp_c20.chk,"(125, 520, 520)",45.7,356.3,1639.0,4.6,ok,/resnick/groups/changroup/members/jsun3/xprize/fit_THC/data_GDF/ISDFfull_screenGDF_diamond_5x5x5_gth-dzvp_c20.chk
ISDFfull_screenGDF_diamond_5x5x5_gth-szv_c5.chk,"(125, 40, 40)",21.2,164.5,165.6,1.0,ok,/resnick/groups/changroup/members/jsun3/xprize/fit_THC/data_GDF/ISDFfull_screenGDF_diamond_5x5x5_gth-szv_c5.chk
ISDFfull_screenGDF_diamond_5x5x5_gth-szv_c6.chk,"(125, 48, 48)",44.0,287.5,289.5,1.0,ok,/resnick/groups/changroup/members/jsun3/xprize/fit_THC/data_GDF/ISDFfull_screenGDF_diamond_5x5x5_gth-szv_c6.chk
ISDFfull_screenGDF_diamond_5x5x5_gth-szv_c8.chk,"(125, 64, 64)",77.1,295.0,300.4,1.0,ok,/resnick/groups/changroup/members/jsun3/xprize/fit_THC/data_GDF/ISDFfull_screenGDF_diamond_5x5x5_gth-szv_c8.chk
ISDFfull_screenGDF_diamond_5x5x5_gth-szv_c10.chk,"(125, 80, 80)",24.0,111.5,119.4,1.1,ok,/resnick/groups/changroup/members/jsun3/xprize/fit_THC/data_GDF/ISDFfull_screenGDF_diamond_5x5x5_gth-szv_c10.chk
ISDFfull_screenGDF_diamond_5x5x5_gth-szv_c12.chk,"(125, 96, 96)",18.9,110.7,120.0,1.1,ok,/resnick/groups/changroup/members/jsun3/xprize/fit_THC/data_GDF/ISDFfull_screenGDF_diamond_5x5x5_gth-szv_c12.chk
ISDFfull_screenGDF_diamond_5x5x5_gth-szv_c15.chk,"(125, 120, 120)",8.9,60.7,65.7,1.1,ok,/resnick/groups/changroup/members/jsun3/xprize/fit_THC/data_GDF/ISDFfull_screenGDF_diamond_5x5x5_gth-szv_c15.chk
ISDFfull_screenGDF_diamond_5x5x5_gth-szv_c20.chk,"(125, 160, 160)",12.2,60.4,67.9,1.1,ok,/resnick/groups/changroup/members/jsun3/xprize/fit_THC/data_GDF/ISDFfull_screenGDF_diamond_5x5x5_gth-szv_c20.chk
ISDFfull_screenGDF_diamond_6x6x6_gth-dzvp_c5.chk,"(216, 130, 130)",5.2,45.5,47.1,1.0,ok,/resnick/groups/changroup/members/jsun3/xprize/fit_THC/data_GDF/ISDFfull_screenGDF_diamond_6x6x6_gth-dzvp_c5.chk
ISDFfull_screenGDF_diamond_6x6x6_gth-dzvp_c6.chk,"(216, 156, 156)",4.9,40.0,42.7,1.1,ok,/resnick/groups/changroup/members/jsun3/xprize/fit_THC/data_GDF/ISDFfull_screenGDF_diamond_6x6x6_gth-dzvp_c6.chk
ISDFfull_screenGDF_diamond_6x6x6_gth-dzvp_c8.chk,"(216, 208, 208)",3.6,28.2,30.5,1.1,ok,/resnick/groups/changroup/members/jsun3/xprize/fit_THC/data_GDF/ISDFfull_screenGDF_diamond_6x6x6_gth-dzvp_c8.chk
ISDFfull_screenGDF_diamond_6x6x6_gth-dzvp_c10.chk,"(216, 260, 260)",3.2,22.7,25.1,1.1,ok,/resnick/groups/changroup/members/jsun3/xprize/fit_THC/data_GDF/ISDFfull_screenGDF_diamond_6x6x6_gth-dzvp_c10.chk
ISDFfull_screenGDF_diamond_6x6x6_gth-dzvp_c12.chk,"(216, 312, 312)",2.2,22.0,24.9,1.1,ok,/resnick/groups/changroup/members/jsun3/xprize/fit_THC/data_GDF/ISDFfull_screenGDF_diamond_6x6x6_gth-dzvp_c12.chk
ISDFfull_screenGDF_diamond_6x6x6_gth-dzvp_c15.chk,"(216, 390, 390)",1.5,17.8,21.3,1.2,ok,/resnick/groups/changroup/members/jsun3/xprize/fit_THC/data_GDF/ISDFfull_screenGDF_diamond_6x6x6_gth-dzvp_c15.chk
ISDFfull_screenGDF_diamond_6x6x6_gth-dzvp_c20.chk,"(216, 520, 520)",50.9,404.4,1859.7,4.6,ok,/resnick/groups/changroup/members/jsun3/xprize/fit_THC/data_GDF/ISDFfull_screenGDF_diamond_6x6x6_gth-dzvp_c20.chk
ISDFfull_screenGDF_diamond_6x6x6_gth-szv_c5.chk,"(216, 40, 40)",26.1,208.6,209.3,1.0,ok,/resnick/groups/changroup/members/jsun3/xprize/fit_THC/data_GDF/ISDFfull_screenGDF_diamond_6x6x6_gth-szv_c5.chk
ISDFfull_screenGDF_diamond_6x6x6_gth-szv_c6.chk,"(216, 48, 48)",53.8,365.5,366.8,1.0,ok,/resnick/groups/changroup/members/jsun3/xprize/fit_THC/data_GDF/ISDFfull_screenGDF_diamond_6x6x6_gth-szv_c6.chk
ISDFfull_screenGDF_diamond_6x6x6_gth-szv_c8.chk,"(216, 64, 64)",90.6,373.1,376.7,1.0,ok,/resnick/groups/changroup/members/jsun3/xprize/fit_THC/data_GDF/ISDFfull_screenGDF_diamond_6x6x6_gth-szv_c8.chk
ISDFfull_screenGDF_diamond_6x6x6_gth-szv_c10.chk,"(216, 80, 80)",28.4,145.3,150.8,1.0,ok,/resnick/groups/changroup/members/jsun3/xprize/fit_THC/data_GDF/ISDFfull_screenGDF_diamond_6x6x6_gth-szv_c10.chk
ISDFfull_screenGDF_diamond_6x6x6_gth-szv_c12.chk,"(216, 96, 96)",22.8,140.0,146.8,1.0,ok,/resnick/groups/changroup/members/jsun3/xprize/fit_THC/data_GDF/ISDFfull_screenGDF_diamond_6x6x6_gth-szv_c12.chk
ISDFfull_screenGDF_diamond_6x6x6_gth-szv_c15.chk,"(216, 120, 120)",10.3,85.0,89.3,1.1,ok,/resnick/groups/changroup/members/jsun3/xprize/fit_THC/data_GDF/ISDFfull_screenGDF_diamond_6x6x6_gth-szv_c15.chk
ISDFfull_screenGDF_diamond_6x6x6_gth-szv_c20.chk,"(216, 160, 160)",14.5,76.7,82.2,1.1,ok,/resnick/groups/changroup/members/jsun3/xprize/fit_THC/data_GDF/ISDFfull_screenGDF_diamond_6x6x6_gth-szv_c20.chk
ISDFopt_diamond_1x1x1_gth-dzvp_c5_norm0.1.chk,"(1, 130, 130)",0.1,0.1,0.7,5.8,ok,/resnick/groups/changroup/members/jsun3/xprize/fit_THC/data_GDF/ISDFopt_diamond_1x1x1_gth-dzvp_c5_norm0.1.chk
ISDFopt_diamond_1x1x1_gth-dzvp_c5_norm0.02.chk,"(1, 130, 130)",0.0,0.0,0.1,5.9,ok,/resnick/groups/changroup/members/jsun3/xprize/fit_THC/data_GDF/ISDFopt_diamond_1x1x1_gth-dzvp_c5_norm0.02.chk
ISDFopt_diamond_2x2x2_gth-dzvp_c5_norm0.1.chk,"(8, 130, 130)",0.3,0.4,1.2,2.9,ok,/resnick/groups/changroup/members/jsun3/xprize/fit_THC/data_GDF/ISDFopt_diamond_2x2x2_gth-dzvp_c5_norm0.1.chk
ISDFopt_diamond_2x2x2_gth-dzvp_c5_norm0.08.chk,"(8, 130, 130)",0.3,0.6,1.3,2.3,ok,/resnick/groups/changroup/members/jsun3/xprize/fit_THC/data_GDF/ISDFopt_diamond_2x2x2_gth-dzvp_c5_norm0.08.chk
ISDFopt_diamond_3x3x3_gth-dzvp_c5_norm0.1.chk,"(27, 130, 130)",0.1,1.0,1.2,1.2,ok,/resnick/groups/changroup/members/jsun3/xprize/fit_THC/data_GDF/ISDFopt_diamond_3x3x3_gth-dzvp_c5_norm0.1.chk
ISDFopt_diamond_3x3x3_gth-dzvp_c5_norm0.18.chk,"(27, 130, 130)",0.1,0.3,0.6,1.9,ok,/resnick/groups/changroup/members/jsun3/xprize/fit_THC/data_GDF/ISDFopt_diamond_3x3x3_gth-dzvp_c5_norm0.18.chk
ISDFopt_diamond_4x4x4_gth-dzvp_c5_norm0.1.chk,"(64, 130, 130)",0.1,1.4,1.6,1.2,ok,/resnick/groups/changroup/members/jsun3/xprize/fit_THC/data_GDF/ISDFopt_diamond_4x4x4_gth-dzvp_c5_norm0.1.chk
ISDFopt_diamond_4x4x4_gth-dzvp_c5_norm0.32.chk,"(64, 130, 130)",0.0,0.1,0.2,1.5,ok,/resnick/groups/changroup/members/jsun3/xprize/fit_THC/data_GDF/ISDFopt_diamond_4x4x4_gth-dzvp_c5_norm0.32.chk
ISDFopt_diamond_5x5x5_gth-dzvp_c5_norm0.1.chk,"(125, 130, 130)",0.2,2.2,2.4,1.1,ok,/resnick/groups/changroup/members/jsun3/xprize/fit_THC/data_GDF/ISDFopt_diamond_5x5x5_gth-dzvp_c5_norm0.1.chk
ISDFopt_diamond_5x5x5_gth-dzvp_c5_norm0.5.chk,"(125, 130, 130)",0.0,0.1,0.1,1.4,ok,/resnick/groups/changroup/members/jsun3/xprize/fit_THC/data_GDF/ISDFopt_diamond_5x5x5_gth-dzvp_c5_norm0.5.chk
ISDFov_bareGDF_diamond_2x2x2_gth-dzvp_c5.chk,"(8, 130, 130)",6.4,29.0,41.0,1.4,ok,/resnick/groups/changroup/members/jsun3/xprize/fit_THC/data_GDF/ISDFov_bareGDF_diamond_2x2x2_gth-dzvp_c5.chk
ISDFov_bareGDF_diamond_2x2x2_gth-dzvp_c6.chk,"(8, 156, 156)",5.0,24.5,35.4,1.4,ok,/resnick/groups/changroup/members/jsun3/xprize/fit_THC/data_GDF/ISDFov_bareGDF_diamond_2x2x2_gth-dzvp_c6.chk
ISDFov_bareGDF_diamond_2x2x2_gth-dzvp_c8.chk,"(8, 208, 208)",3.0,15.8,24.8,1.6,ok,/resnick/groups/changroup/members/jsun3/xprize/fit_THC/data_GDF/ISDFov_bareGDF_diamond_2x2x2_gth-dzvp_c8.chk
ISDFov_bareGDF_diamond_2x2x2_gth-dzvp_c12.chk,"(8, 312, 312)",2.2,10.9,20.0,1.8,ok,/resnick/groups/changroup/members/jsun3/xprize/fit_THC/data_GDF/ISDFov_bareGDF_diamond_2x2x2_gth-dzvp_c12.chk
ISDFov_bareGDF_diamond_2x2x2_gth-szv_c5.chk,"(8, 40, 40)",3.2,9.1,12.4,1.4,ok,/resnick/groups/changroup/members/jsun3/xprize/fit_THC/data_GDF/ISDFov_bareGDF_diamond_2x2x2_gth-szv_c5.chk
ISDFov_bareGDF_diamond_2x2x2_gth-szv_c6.chk,"(8, 48, 48)",2.4,11.8,15.8,1.3,ok,/resnick/groups/changroup/members/jsun3/xprize/fit_THC/data_GDF/ISDFov_bareGDF_diamond_2x2x2_gth-szv_c6.chk
ISDFov_bareGDF_diamond_2x2x2_gth-szv_c8.chk,"(8, 64, 64)",17.8,75.7,86.1,1.1,ok,/resnick/groups/changroup/members/jsun3/xprize/fit_THC/data_GDF/ISDFov_bareGDF_diamond_2x2x2_gth-szv_c8.chk
ISDFov_bareGDF_diamond_2x2x2_gth-szv_c12.chk,"(8, 96, 96)",40.1,207.7,228.5,1.1,ok,/resnick/groups/changroup/members/jsun3/xprize/fit_THC/data_GDF/ISDFov_bareGDF_diamond_2x2x2_gth-szv_c12.chk
ISDFov_bareGDF_diamond_3x3x3_gth-dzvp_c5.chk,"(27, 130, 130)",4.7,39.7,44.6,1.1,ok,/resnick/groups/changroup/members/jsun3/xprize/fit_THC/data_GDF/ISDFov_bareGDF_diamond_3x3x3_gth-dzvp_c5.chk
ISDFov_bareGDF_diamond_3x3x3_gth-dzvp_c6.chk,"(27, 156, 156)",4.7,38.7,44.9,1.2,ok,/resnick/groups/changroup/members/jsun3/xprize/fit_THC/data_GDF/ISDFov_bareGDF_diamond_3x3x3_gth-dzvp_c6.chk
ISDFov_bareGDF_diamond_3x3x3_gth-dzvp_c8.chk,"(27, 208, 208)",4.0,28.4,33.2,1.2,ok,/resnick/groups/changroup/members/jsun3/xprize/fit_THC/data_GDF/ISDFov_bareGDF_diamond_3x3x3_gth-dzvp_c8.chk
ISDFov_bareGDF_diamond_3x3x3_gth-dzvp_c12.chk,"(27, 312, 312)",1.8,18.1,20.9,1.2,ok,/resnick/groups/changroup/members/jsun3/xprize/fit_THC/data_GDF/ISDFov_bareGDF_diamond_3x3x3_gth-dzvp_c12.chk
ISDFov_bareGDF_diamond_3x3x3_gth-szv_c5.chk,"(27, 40, 40)",2.1,7.1,9.1,1.3,ok,/resnick/groups/changroup/members/jsun3/xprize/fit_THC/data_GDF/ISDFov_bareGDF_diamond_3x3x3_gth-szv_c5.chk
ISDFov_bareGDF_diamond_3x3x3_gth-szv_c6.chk,"(27, 48, 48)",2.0,9.6,11.7,1.2,ok,/resnick/groups/changroup/members/jsun3/xprize/fit_THC/data_GDF/ISDFov_bareGDF_diamond_3x3x3_gth-szv_c6.chk
ISDFov_bareGDF_diamond_3x3x3_gth-szv_c8.chk,"(27, 64, 64)",9.1,52.9,56.4,1.1,ok,/resnick/groups/changroup/members/jsun3/xprize/fit_THC/data_GDF/ISDFov_bareGDF_diamond_3x3x3_gth-szv_c8.chk
ISDFov_bareGDF_diamond_3x3x3_gth-szv_c12.chk,"(27, 96, 96)",34.9,265.5,272.7,1.0,ok,/resnick/groups/changroup/members/jsun3/xprize/fit_THC/data_GDF/ISDFov_bareGDF_diamond_3x3x3_gth-szv_c12.chk
ISDFov_bareGDF_diamond_4x4x4_gth-dzvp_c5.chk,"(64, 130, 130)",6.7,71.5,74.4,1.0,ok,/resnick/groups/changroup/members/jsun3/xprize/fit_THC/data_GDF/ISDFov_bareGDF_diamond_4x4x4_gth-dzvp_c5.chk
ISDFov_bareGDF_diamond_4x4x4_gth-dzvp_c6.chk,"(64, 156, 156)",4.6,62.0,64.9,1.0,ok,/resnick/groups/changroup/members/jsun3/xprize/fit_THC/data_GDF/ISDFov_bareGDF_diamond_4x4x4_gth-dzvp_c6.chk
ISDFov_bareGDF_diamond_4x4x4_gth-dzvp_c8.chk,"(64, 208, 208)",4.1,48.9,51.6,1.1,ok,/resnick/groups/changroup/members/jsun3/xprize/fit_THC/data_GDF/ISDFov_bareGDF_diamond_4x4x4_gth-dzvp_c8.chk
ISDFov_bareGDF_diamond_4x4x4_gth-dzvp_c12.chk,"(64, 312, 312)",2.1,31.7,33.4,1.1,ok,/resnick/groups/changroup/members/jsun3/xprize/fit_THC/data_GDF/ISDFov_bareGDF_diamond_4x4x4_gth-dzvp_c12.chk
ISDFov_bareGDF_diamond_4x4x4_gth-szv_c5.chk,"(64, 40, 40)",1.8,6.7,8.0,1.2,ok,/resnick/groups/changroup/members/jsun3/xprize/fit_THC/data_GDF/ISDFov_bareGDF_diamond_4x4x4_gth-szv_c5.chk
ISDFov_bareGDF_diamond_4x4x4_gth-szv_c6.chk,"(64, 48, 48)",1.8,8.9,10.3,1.2,ok,/resnick/groups/changroup/members/jsun3/xprize/fit_THC/data_GDF/ISDFov_bareGDF_diamond_4x4x4_gth-szv_c6.chk
ISDFov_bareGDF_diamond_4x4x4_gth-szv_c8.chk,"(64, 64, 64)",11.9,83.5,85.5,1.0,ok,/resnick/groups/changroup/members/jsun3/xprize/fit_THC/data_GDF/ISDFov_bareGDF_diamond_4x4x4_gth-szv_c8.chk
ISDFov_bareGDF_diamond_4x4x4_gth-szv_c12.chk,"(64, 96, 96)",39.4,474.4,478.6,1.0,ok,/resnick/groups/changroup/members/jsun3/xprize/fit_THC/data_GDF/ISDFov_bareGDF_diamond_4x4x4_gth-szv_c12.chk
ISDFov_bareGDF_diamond_5x5x5_gth-dzvp_c5.chk,"(125, 130, 130)",12.5,116.3,118.3,1.0,ok,/resnick/groups/changroup/members/jsun3/xprize/fit_THC/data_GDF/ISDFov_bareGDF_diamond_5x5x5_gth-dzvp_c5.chk
ISDFov_bareGDF_diamond_5x5x5_gth-dzvp_c6.chk,"(125, 156, 156)",11.5,103.1,105.3,1.0,ok,/resnick/groups/changroup/members/jsun3/xprize/fit_THC/data_GDF/ISDFov_bareGDF_diamond_5x5x5_gth-dzvp_c6.chk
ISDFov_bareGDF_diamond_5x5x5_gth-dzvp_c8.chk,"(125, 208, 208)",7.9,85.7,87.7,1.0,ok,/resnick/groups/changroup/members/jsun3/xprize/fit_THC/data_GDF/ISDFov_bareGDF_diamond_5x5x5_gth-dzvp_c8.chk
ISDFov_bareGDF_diamond_5x5x5_gth-dzvp_c12.chk,"(125, 312, 312)",3.1,49.5,50.7,1.0,ok,/resnick/groups/changroup/members/jsun3/xprize/fit_THC/data_GDF/ISDFov_bareGDF_diamond_5x5x5_gth-dzvp_c12.chk
ISDFov_bareGDF_diamond_5x5x5_gth-szv_c5.chk,"(125, 40, 40)",1.9,7.6,8.7,1.1,ok,/resnick/groups/changroup/members/jsun3/xprize/fit_THC/data_GDF/ISDFov_bareGDF_diamond_5x5x5_gth-szv_c5.chk
ISDFov_bareGDF_diamond_5x5x5_gth-szv_c6.chk,"(125, 48, 48)",1.9,10.5,11.7,1.1,ok,/resnick/groups/changroup/members/jsun3/xprize/fit_THC/data_GDF/ISDFov_bareGDF_diamond_5x5x5_gth-szv_c6.chk
ISDFov_bareGDF_diamond_5x5x5_gth-szv_c8.chk,"(125, 64, 64)",12.9,105.4,106.9,1.0,ok,/resnick/groups/changroup/members/jsun3/xprize/fit_THC/data_GDF/ISDFov_bareGDF_diamond_5x5x5_gth-szv_c8.chk
ISDFov_bareGDF_diamond_5x5x5_gth-szv_c12.chk,"(125, 96, 96)",51.5,703.7,706.3,1.0,ok,/resnick/groups/changroup/members/jsun3/xprize/fit_THC/data_GDF/ISDFov_bareGDF_diamond_5x5x5_gth-szv_c12.chk
ISDFov_bareGDF_diamond_6x6x6_gth-dzvp_c5.chk,"(216, 130, 130)",16.0,155.2,156.6,1.0,ok,/resnick/groups/changroup/members/jsun3/xprize/fit_THC/data_GDF/ISDFov_bareGDF_diamond_6x6x6_gth-dzvp_c5.chk
ISDFov_bareGDF_diamond_6x6x6_gth-dzvp_c6.chk,"(216, 156, 156)",14.7,143.2,144.8,1.0,ok,/resnick/groups/changroup/members/jsun3/xprize/fit_THC/data_GDF/ISDFov_bareGDF_diamond_6x6x6_gth-dzvp_c6.chk
ISDFov_bareGDF_diamond_6x6x6_gth-dzvp_c8.chk,"(216, 208, 208)",8.1,121.6,122.9,1.0,ok,/resnick/groups/changroup/members/jsun3/xprize/fit_THC/data_GDF/ISDFov_bareGDF_diamond_6x6x6_gth-dzvp_c8.chk
ISDFov_bareGDF_diamond_6x6x6_gth-dzvp_c12.chk,"(216, 312, 312)",3.2,74.3,75.2,1.0,ok,/resnick/groups/changroup/members/jsun3/xprize/fit_THC/data_GDF/ISDFov_bareGDF_diamond_6x6x6_gth-dzvp_c12.chk
ISDFov_bareGDF_diamond_6x6x6_gth-szv_c5.chk,"(216, 40, 40)",2.3,11.2,12.3,1.1,ok,/resnick/groups/changroup/members/jsun3/xprize/fit_THC/data_GDF/ISDFov_bareGDF_diamond_6x6x6_gth-szv_c5.chk
ISDFov_bareGDF_diamond_6x6x6_gth-szv_c6.chk,"(216, 48, 48)",2.8,15.8,16.9,1.1,ok,/resnick/groups/changroup/members/jsun3/xprize/fit_THC/data_GDF/ISDFov_bareGDF_diamond_6x6x6_gth-szv_c6.chk
ISDFov_bareGDF_diamond_6x6x6_gth-szv_c8.chk,"(216, 64, 64)",12.5,114.9,116.0,1.0,ok,/resnick/groups/changroup/members/jsun3/xprize/fit_THC/data_GDF/ISDFov_bareGDF_diamond_6x6x6_gth-szv_c8.chk
ISDFov_bareGDF_diamond_6x6x6_gth-szv_c12.chk,"(216, 96, 96)",61.9,921.0,922.6,1.0,ok,/resnick/groups/changroup/members/jsun3/xprize/fit_THC/data_GDF/ISDFov_bareGDF_diamond_6x6x6_gth-szv_c12.chk
